2826,https://m.media-amazon.com/images/M/MV5BNDZhZDk0ZTktZmNhMC00YTU1LWEwY2YtZmIyMWM5MTNlNDEwXkEyXkFqcGdeQXVyNjUwNzk3NDc@..jpg
2827,https://m.media-amazon.com/images/M/MV5BMTUxNGI2NzUtYzgwNy00NmIyLTgwNjMtZGMzYjhlYjY1MThkXkEyXkFqcGdeQXVyMTQxNzMzNDI@..jpg
2828,https://m.media-amazon.com/images/M/MV5BN2EwZWRhNTQtOWJlMS00NDAwLTk2ZGUtNDg1NjUzZGMyMTYzXkEyXkFqcGdeQXVyNTUyMzE4Mzg@..jpg
2829,https://m.media-amazon.com/images/M/MV5BNzA1NmNlMWYtNzI5NC00MmEwLTgyOWMtNjdmOTA2MDU3NTFjXkEyXkFqcGdeQXVyMTQxNzMzNDI@..jpg
2835,https://m.media-amazon.com/images/M/MV5BMGIxYTJkZTgtOTVjYi00NmFmLTg2ODktZDY4MDljNWNmMzczXkEyXkFqcGdeQXVyNDAxNjkxNjQ@..jpg
2836,https://m.media-amazon.com/images/M/MV5BMTMyODE2NjA0Nl5BMl5BanBnXkFtZTcwNzIzODgxMQ@@..jpg
2837,https://m.media-amazon.com/images/M/MV5BYWZiYzY5NjMtYTg3NC00NDk1LWJhOTUtYWI5ZWY2MjM3NzNlXkEyXkFqcGdeQXVyNjk1Njg5NTA@..jpg
2839,https://m.media-amazon.com/images/M/MV5BNzE0NzdkMmUtNTJlOC00ZGEyLTg1MDctZjdhNDQ4MTc5YzkyXkEyXkFqcGdeQXVyMTMxMTY0OTQ@..jpg
2840,https://m.media-amazon.com/images/M/MV5BMjEyNWUyZTYtMTViZC00Y2ZkLWE2ZDEtNGY2ZDAxNjY2YjYzXkEyXkFqcGdeQXVyMTQxNzMzNDI@..jpg
2841,https://m.media-amazon.com/images/M/MV5BMjE2NTEwZWYtYzcxYi00MzZhLTg0NDMtNTBhMTM3MjEyMmU3XkEyXkFqcGdeQXVyNTI4MjkwNjA@..jpg
2843,https://m.media-amazon.com/images/M/MV5BMmExZTZhN2QtMzg5Mi00Y2M5LTlmMWYtNTUzMzUwMGM2OGQ3XkEyXkFqcGdeQXVyNTA4NzY1MzY@..jpg
2844,https://m.media-amazon.com/images/M/MV5BNjMyN2E0MWQtYTkyMi00OGQ4LWFiYTctMWRiZjEyOTMwZjE2XkEyXkFqcGdeQXVyNjU0NTI0Nw@@..jpg
2846,https://m.media-amazon.com/images/M/MV5BZGRjZGEwZTctMmRmYy00YmI1LTgwOGItZmE5ZmNjYmRhOWI4XkEyXkFqcGdeQXVyNjMwMjk0MTQ@..jpg
2847,https://m.media-amazon.com/images/M/MV5BYTZjMzI3YjMtMTBlMC00NmMyLWJmY2QtZDYzMmVhYmRlY2Q1XkEyXkFqcGdeQXVyNjc1NTYyMjg@..jpg
2848,https://m.media-amazon.com/images/M/MV5BMGM4ZmNhZjAtNGY2Yi00ZWViLWIyNzctN2I0ODA3YWIzOTExXkEyXkFqcGdeQXVyMzg1ODEwNQ@@..jpg
2851,https://m.media-amazon.com/images/M/MV5BOGU1MDY4YzYtMWIzYi00YjVkLWJiNzUtNTU4NTE1MTcxMWM2XkEyXkFqcGdeQXVyMTQxNzMzNDI@..jpg
2852,https://m.media-amazon.com/images/M/MV5BMzUxMjY2MWQtNGUyZC00NjkzLWE1MWUtYTM5YzFiZDU5MDM4XkEyXkFqcGdeQXVyNTI4MjkwNjA@..jpg
2856,https://m.media-amazon.com/images/M/MV5BOTVmMWJiNjYtZThmZC00YTc2LWJlMTktYTBjYmQ2MGUxNWE3XkEyXkFqcGdeQXVyMTQ2MjQyNDc@..jpg
2857,https://m.media-amazon.com/images/M/MV5BMGExODFmMjQtZTgxOC00ZDE0LWJmM2MtOTQzM2YzNDZlMzNmL2ltYWdlL2ltYWdlXkEyXkFqcGdeQXVyNjc1NTYyMjg@..jpg
2858,https://m.media-amazon.com/images/M/MV5BNTBmZWJkNjctNDhiNC00MGE2LWEwOTctZTk5OGVhMWMyNmVhXkEyXkFqcGdeQXVyMTMxODk2OTU@..jpg
2859,https://m.media-amazon.com/images/M/MV5BMjUxZmZmYzQtMzgzNy00OGVmLWE5M2ItOTA5MTZiMTk4MTY5XkEyXkFqcGdeQXVyNTI4MjkwNjA@..jpg
2860,https://m.media-amazon.com/images/M/MV5BYTJkYTBlZjktYmYyYi00ZWQ0LTgyMWYtMjQ5Yzg1Y2M3YzE5XkEyXkFqcGdeQXVyMTQxNzMzNDI@..jpg
2861,https://m.media-amazon.com/images/M/MV5BZDgzY2NkMTgtODQwZC00MWEzLWFlZjQtZTcxOTc3NzU1MDVhXkEyXkFqcGdeQXVyMTQxNzMzNDI@..jpg
2862,https://m.media-amazon.com/images/M/MV5BYzI2ZGQwZjYtMGM3OS00MDU4LThlMWMtZWU3ZmQzYWZmZTQxXkEyXkFqcGdeQXVyNDkzNTM2ODg@..jpg
2863,https://m.media-amazon.com/images/M/MV5BZjQyMGUwNzAtNTc2MC00Y2FjLThlM2ItZGRjNzM0OWVmZGYyXkEyXkFqcGdeQXVyNjc1NTYyMjg@..jpg
2865,https://m.media-amazon.com/images/M/MV5BMTYzNTM5NzI2MF5BMl5BanBnXkFtZTYwODY5Mjg5..jpg
2866,https://m.media-amazon.com/images/M/MV5BZDUxNzY2N2MtZTg5OC00YjIzLWJiMGYtMzBjNGI4ZDQ3NDdlXkEyXkFqcGdeQXVyMjI4MjA5MzA@..jpg
2867,https://m.media-amazon.com/images/M/MV5BYTBlOTEzZjYtZTlmMC00OTYyLWIyMTAtNzMzZTRhNzU1YzAyL2ltYWdlXkEyXkFqcGdeQXVyMTQxNzMzNDI@..jpg
2868,https://m.media-amazon.com/images/M/MV5BYTIzYzIyNjUtNDRhMS00MWMyLTgyYjktOGJiYzA4NTQyMWY2XkEyXkFqcGdeQXVyMTQxNzMzNDI@..jpg
2870,https://m.media-amazon.com/images/M/MV5BNjJiNzhkNGYtNDRhNi00NjNjLWJmZGEtOTQ1ZDM2NDM0ODgzXkEyXkFqcGdeQXVyNjUwNzk3NDc@..jpg
2871,https://m.media-amazon.com/images/M/MV5BZjBhYzU3NWItOWZjMy00NjI5LWFmYmItZmIyOWFlMDIxMWNiXkEyXkFqcGdeQXVyMTQxNzMzNDI@..jpg
2872,https://m.media-amazon.com/images/M/MV5BMTQ3OTA5NjY3OV5BMl5BanBnXkFtZTcwNjAxOTI3MQ@@..jpg
2874,https://m.media-amazon.com/images/M/MV5BMzcwMjdlODMtZjNhOC00Mzg5LTkzNDQtNmRjOTdkM2I5ODI0XkEyXkFqcGdeQXVyNjE5MjUyOTM@..jpg
2875,https://m.media-amazon.com/images/M/MV5BY2M1ZGJkMTItM2QwYS00Nzg0LWE2NjMtNWY1NTg1YzRkNWFlXkEyXkFqcGdeQXVyNjMwMjk0MTQ@..jpg
2876,https://m.media-amazon.com/images/M/MV5BNmE3MjdmMGMtOThhMS00OGRhLTllNDItMmJmN2QxMjA4ZTI2XkEyXkFqcGdeQXVyNTUyMzE4Mzg@..jpg
2877,https://m.media-amazon.com/images/M/MV5BMjlhZWMyNjItNWU5OS00NGQzLWI4YWYtYThjYjk3OTlmZDA5XkEyXkFqcGdeQXVyMzMyODMwMTI@..jpg
2878,https://m.media-amazon.com/images/M/MV5BYzg2Mjg1MDMtZmQzZi00NTQzLWFkNGQtNDFjMzk2NTdiNGNjXkEyXkFqcGdeQXVyMTQxNzMzNDI@..jpg
2879,https://m.media-amazon.com/images/M/MV5BZTI5YzY1ZTctODgxNy00ZGI0LWExYWUtNjI3Y2UzMDU0YjgxXkEyXkFqcGdeQXVyMTA1NTM1NDI2..jpg
2880,https://m.media-amazon.com/images/M/MV5BMGZkZjZjOTItNDZkOS00MDY1LWE5MGUtNjMyMTJjZmM5ZTlkXkEyXkFqcGdeQXVyNTAyODkwOQ@@..jpg
2881,https://m.media-amazon.com/images/M/MV5BM2UzNzYzMjctYmI0MS00MzQ3LTliMTktOTA1MGU0YTM3NzRjXkEyXkFqcGdeQXVyMTQxNzMzNDI@..jpg
2882,https://m.media-amazon.com/images/M/MV5BMDI1ZDVmZTAtMmE3YS00MTY4LTlmMWYtODJmYzk2ODcwMTdkXkEyXkFqcGdeQXVyNTM0NTU5Mg@@..jpg
2883,https://m.media-amazon.com/images/M/MV5BNmQ4NTc3YjAtMjk0MC00MGUwLTkzN2MtYjg0ODQzM2MyM2Q4XkEyXkFqcGdeQXVyMTMxMTY0OTQ@..jpg
2884,https://m.media-amazon.com/images/M/MV5BMjQxMzI5MDcyOV5BMl5BanBnXkFtZTgwMjM2MjgwMzE@..jpg
2885,https://m.media-amazon.com/images/M/MV5BYjVkYTUxMjktMTBmZS00YmM5LTlmYjEtOWM5YjU0YjVmNjZhXkEyXkFqcGdeQXVyMzIzODAxODE@..jpg
2886,https://m.media-amazon.com/images/M/MV5BM2VmNzU4ZGQtYjY1NS00ZTE3LTk5ODItZDQ3ZDFjNTIxYmQwXkEyXkFqcGdeQXVyNjgxNTAwNjQ@..jpg
2887,https://m.media-amazon.com/images/M/MV5BMTM0NTEzNjk3M15BMl5BanBnXkFtZTcwMTEzMjkxMQ@@..jpg
2888,https://m.media-amazon.com/images/M/MV5BZjI1NmM1NDktYjFmMS00YWRlLWIxZDEtN2JkODk0ZTAxYTk3XkEyXkFqcGdeQXVyNTU2NDQ3NjU@..jpg
2889,https://m.media-amazon.com/images/M/MV5BMjE2MDM2NzcyMl5BMl5BanBnXkFtZTYwMzA2NjQ3..jpg
2890,https://m.media-amazon.com/images/M/MV5BZjQ5MzM1ZGItZDQyYi00ZDQ5LWJkMDQtYTIxZmIwNWQ5NmUxL2ltYWdlL2ltYWdlXkEyXkFqcGdeQXVyMTQxNzMzNDI@..jpg
2891,https://m.media-amazon.com/images/M/MV5BMTg3MjE0ODkwOV5BMl5BanBnXkFtZTcwNjE4NzUxMQ@@..jpg
2892,https://m.media-amazon.com/images/M/MV5BZWZhZjlkMDQtZWIxMi00MmMzLTliOTQtZTYzOWQxZWRjZTc3XkEyXkFqcGdeQXVyNDkzNTM2ODg@..jpg
2893,https://m.media-amazon.com/images/M/MV5BMTY2NDU2ODY2NV5BMl5BanBnXkFtZTcwNDEyNTIyMQ@@..jpg
2894,https://m.media-amazon.com/images/M/MV5BNjY4NDgwNTI5MV5BMl5BanBnXkFtZTcwMDI1NTcxMQ@@..jpg
2896,https://m.media-amazon.com/images/M/MV5BOTUzY2FhZjUtMjBmMi00NmE4LTllMjQtMWVkOTI5NThiMGVkXkEyXkFqcGdeQXVyMzU4Nzk4MDI@..jpg
2897,https://m.media-amazon.com/images/M/MV5BODc3MmU4NGQtZTllNy00MjIyLTk0M2MtNmMyODc1ZWFkZDliXkEyXkFqcGdeQXVyNjQzNDI3NzY@..jpg
2898,https://m.media-amazon.com/images/M/MV5BMTAxOTA1NDQzODVeQTJeQWpwZ15BbWU3MDYyNzEzMzQ@..jpg
2899,https://m.media-amazon.com/images/M/MV5BNWIyOTBjMWQtNWQ2Zi00MTcxLTk1NjYtODFlNjc5NDAzMDVmXkEyXkFqcGdeQXVyNTkxMzEwMzU@..jpg
2900,https://m.media-amazon.com/images/M/MV5BMTkxOTk4NDM1Nl5BMl5BanBnXkFtZTcwNzI0ODI1NA@@..jpg
2901,https://m.media-amazon.com/images/M/MV5BZTdmN2RkODEtODM4ZS00ZGRlLTliMTYtYmZmZWZkMTZmODYxL2ltYWdlL2ltYWdlXkEyXkFqcGdeQXVyMTQxNzMzNDI@..jpg
2902,https://m.media-amazon.com/images/M/MV5BZDNhMThiN2QtZWVlOS00NzQ3LWE2Y2ItYjMxYjBmY2ExNDNlXkEyXkFqcGdeQXVyMTQxNzMzNDI@..jpg
2903,https://m.media-amazon.com/images/M/MV5BZjU5MWI2MzctMDAzYy00MzNlLTljZDAtMTE5MzQ3MmM3NTE0XkEyXkFqcGdeQXVyMTQxNzMzNDI@..jpg
2905,https://m.media-amazon.com/images/M/MV5BZmY3MDlmODctYTY3Yi00NzYyLWIxNTUtYjVlZWZjMmMwZTBkXkEyXkFqcGdeQXVyMzAxNjg3MjQ@..jpg
2906,https://m.media-amazon.com/images/M/MV5BYWM1YmRkOWEtNDcyNS00ODE2LTkwNDAtOTA3OTA4ZTVlZTIwL2ltYWdlXkEyXkFqcGdeQXVyNTM3MDMyMDQ@..jpg
2907,https://m.media-amazon.com/images/M/MV5BN2Q2YjFlMzYtYjVlMC00MmZmLTg5MzQtZjUyYmY2N2U5MjIxXkEyXkFqcGdeQXVyMTQxNzMzNDI@..jpg
2908,https://m.media-amazon.com/images/M/MV5BN2YyODgyYjMtN2ZiZC00OWMzLTg1NjgtZGIwN2NlYTYxMTkwXkEyXkFqcGdeQXVyMTAwMzUyOTc@..jpg
2912,https://m.media-amazon.com/images/M/MV5BNzA1MzgyNzMtNWRiOC00MDY3LTlkYjQtZGZjMWU4NWEyZWVmXkEyXkFqcGdeQXVyNTc1NTQxODI@..jpg
2915,https://m.media-amazon.com/images/M/MV5BMjVhNDE4YmQtNzBlMy00YTdkLTkwNTEtZGRmMDVkMmYwYjA5XkEyXkFqcGdeQXVyNDk3NzU2MTQ@..jpg
2916,https://m.media-amazon.com/images/M/MV5BYzU1YmJjMGEtMjY4Yy00MTFlLWE3NTUtNzI3YjkwZTMxZjZmXkEyXkFqcGdeQXVyNDc2NjEyMw@@..jpg
2917,https://m.media-amazon.com/images/M/MV5BMmFkNWJiNzAtOTFiMi00OGQxLTgxYjctNjMxYzc4MWMxOWVkXkEyXkFqcGdeQXVyMTA0MjU0Ng@@..jpg
2918,https://m.media-amazon.com/images/M/MV5BMDA0NjZhZWUtNmI2NC00MmFjLTgwZDYtYzVjZmNhMDVmOTBkXkEyXkFqcGdeQXVyMTQxNzMzNDI@..jpg
2919,https://m.media-amazon.com/images/M/MV5BNmE3MjM4MGMtYmZiMi00MzU4LTk1YWMtMjI1YmRmNDc2MjdlL2ltYWdlL2ltYWdlXkEyXkFqcGdeQXVyNjc1NTYyMjg@..jpg
2921,https://m.media-amazon.com/images/M/MV5BYjRmZDg3M2UtNWRhNy00NDVlLWI2ZDktYzJiN2FjNjE5ZDQ5XkEyXkFqcGdeQXVyNTIzOTk5ODM@..jpg
2922,https://m.media-amazon.com/images/M/MV5BYjgyYzc2YWQtOTRkNy00MzI3LWIzZGItZWVlMjJhY2IxNDlhL2ltYWdlL2ltYWdlXkEyXkFqcGdeQXVyNjc1NTYyMjg@..jpg
2924,https://m.media-amazon.com/images/M/MV5BNzdlOWRlZGUtOGViNS00ODVkLWFiNzEtN2JmZDViYzUxMDI1XkEyXkFqcGdeQXVyMTQxNzMzNDI@..jpg
2925,https://m.media-amazon.com/images/M/MV5BODFlYzU4YTItN2EwYi00ODI3LTkwNTQtMDdkNjM3YjMyMTgyXkEyXkFqcGdeQXVyNjc1NTYyMjg@..jpg
2926,https://m.media-amazon.com/images/M/MV5BNWU3MWFjMjUtZmU1ZC00NWY5LTk2OWEtNDk5ZjlmZmZlOWUwXkEyXkFqcGdeQXVyNjE5MjUyOTM@..jpg
2927,https://m.media-amazon.com/images/M/MV5BYWQ0MGNjOTYtMWJlNi00YWMxLWFmMzktYjAyNTVkY2U1NWNhL2ltYWdlL2ltYWdlXkEyXkFqcGdeQXVyNjc1NTYyMjg@..jpg
2928,https://m.media-amazon.com/images/M/MV5BM2YxMTFmZTktMDEwZi00YzlkLWIxZGYtZmJjYjI5Y2FkYzUxXkEyXkFqcGdeQXVyNzc5MjA3OA@@..jpg
2929,https://m.media-amazon.com/images/M/MV5BYWU5NjA2OWItMjc3MS00NDk4LWJhYzEtMzczMGU4MDk5OTUwXkEyXkFqcGdeQXVyNTI4MjkwNjA@..jpg
2930,https://m.media-amazon.com/images/M/MV5BMTQ5MTUyNDI3NV5BMl5BanBnXkFtZTcwODY1NzgyMQ@@..jpg
2931,https://m.media-amazon.com/images/M/MV5BODI2ZjVlMGQtMWE5ZS00MjJiLWIyMWYtMGU5NmIxNDc0OTMyXkEyXkFqcGdeQXVyMTQ3Njg3MQ@@..jpg
2932,https://m.media-amazon.com/images/M/MV5BZjMyZmU4OGYtNjBiYS00YTIxLWJjMDUtZjczZmQwMTM4YjQxXkEyXkFqcGdeQXVyNTI4MjkwNjA@..jpg
2935,https://m.media-amazon.com/images/M/MV5BOTQzNWM4Y2QtMWVhYS00MTNkLTgxMGMtNjM5Y2FmNjQ2MWFiXkEyXkFqcGdeQXVyMTAwMzUyOTc@..jpg
2936,https://m.media-amazon.com/images/M/MV5BYWUyYTFlMzUtYzUxNi00YjFhLWEyNzItMzdkZTNkNDE5OTFlXkEyXkFqcGdeQXVyMzg1ODEwNQ@@..jpg
2937,https://m.media-amazon.com/images/M/MV5BMjU3MTlmNmUtZmMxZS00YTNmLTlkZWQtOTBhYjNkYjkyMWUxXkEyXkFqcGdeQXVyMTMxMTY0OTQ@..jpg
2939,https://m.media-amazon.com/images/M/MV5BMDBhNWE4Y2UtMTA5Mi00YzYyLTliMWMtMjc3OGU0ZWFiMGVhL2ltYWdlL2ltYWdlXkEyXkFqcGdeQXVyNjc1NTYyMjg@..jpg
2940,https://m.media-amazon.com/images/M/MV5BYWUxMzViZTUtNTYxNy00YjY4LWJmMjYtMzNlOThjNjhiZmZkXkEyXkFqcGdeQXVyMDI2NDg0NQ@@..jpg
2941,https://m.media-amazon.com/images/M/MV5BNjc1MDM0MDM4Nl5BMl5BanBnXkFtZTgwMDMwMTgxMTE@..jpg
2942,https://m.media-amazon.com/images/M/MV5BMjA5NjE2OTUxOF5BMl5BanBnXkFtZTgwNDE1NDIxMDE@..jpg
2943,https://m.media-amazon.com/images/M/MV5BZWJiNjFmOGYtMWY4ZC00MGUxLTgzOTUtNGJjNWQzNGZlZDc0XkEyXkFqcGdeQXVyNjMwMjk0MTQ@..jpg
2944,https://m.media-amazon.com/images/M/MV5BM2Y1ZTI0NzktYzU3MS00YmE1LThkY2EtMDc0NGYxNTNlZDA5XkEyXkFqcGdeQXVyNTAyODkwOQ@@..jpg
2946,https://m.media-amazon.com/images/M/MV5BMjZlNjAyNjItMDEwNy00OTExLWIzOTEtNDI0MTAzMWY4YThmXkEyXkFqcGdeQXVyNjUwMzI2NzU@..jpg
2947,https://m.media-amazon.com/images/M/MV5BMTQ2MzE0OTU3NV5BMl5BanBnXkFtZTcwNjQxNTgzNA@@..jpg
2948,https://m.media-amazon.com/images/M/MV5BZjBiNGNlNmItZTk2Zi00YjRlLTk1NzEtNDI2YTNmN2EwNDhlXkEyXkFqcGdeQXVyNDY2MTk1ODk@..jpg
2949,https://m.media-amazon.com/images/M/MV5BMWRkZTI4NzktYjA4Yi00ZjE0LTgzOWQtYzJlMTkyOTU1ODRmXkEyXkFqcGdeQXVyNDY2MTk1ODk@..jpg
2950,https://m.media-amazon.com/images/M/MV5BOWU2ZDIxY2UtNzM5NS00MWUwLTkxN2QtMmI3NDZkNTA2OTYxXkEyXkFqcGdeQXVyMTA0MjU0Ng@@..jpg
2951,https://m.media-amazon.com/images/M/MV5BYjA1MGVlMGItNzgxMC00OWY4LWI4YjEtNTNmYWIzMGUxOGQzXkEyXkFqcGdeQXVyNjc1NTYyMjg@..jpg
2952,https://m.media-amazon.com/images/M/MV5BMTY2ZWQ3NTctMjJiNy00Y2RlLWEyM2MtNTBmNjAxMWJhZTFmXkEyXkFqcGdeQXVyNTE1NjY5Mg@@..jpg
2953,https://m.media-amazon.com/images/M/MV5BNDI1MzM0Y2YtYmIyMS00ODE3LTlhZjEtZTUyNmEzMTNhZWU5XkEyXkFqcGdeQXVyMTQxNzMzNDI@..jpg
2956,https://m.media-amazon.com/images/M/MV5BZTRjZGVkMGQtY2QwZC00OTczLWJmODMtZTNhODBmZWY1MGZiXkEyXkFqcGdeQXVyMjI4MjA5MzA@..jpg
2959,https://m.media-amazon.com/images/M/MV5BMmEzNTkxYjQtZTc0MC00YTVjLTg5ZTEtZWMwOWVlYzY0NWIwXkEyXkFqcGdeQXVyNzkwMjQ5NzM@..jpg
2961,https://m.media-amazon.com/images/M/MV5BYzAxZTI5NDItNzRkOS00NjczLTkzNjctMTU1NjdkYjI5YjlkXkEyXkFqcGdeQXVyMTQxNzMzNDI@..jpg
2962,https://m.media-amazon.com/images/M/MV5BMjIyNDgzMDgzMV5BMl5BanBnXkFtZTgwMjU2MzgxMTE@..jpg
2964,https://m.media-amazon.com/images/M/MV5BZTEzZjIyODktZWIwYS00ZTliLWEzYTktMGZiNTEwNTQ0YzMyXkEyXkFqcGdeQXVyMTQxNzMzNDI@..jpg
2965,https://m.media-amazon.com/images/M/MV5BZWM0YTQ3MmQtNWIzNi00NmRjLTg0MDAtYTZjYTM0M2U1ZTk0XkEyXkFqcGdeQXVyNjMwMjk0MTQ@..jpg
2966,https://m.media-amazon.com/images/M/MV5BNmE1MDk4OWEtYjk1NS00MWU2LTk5ZWItYjZhYmRkODRjMDc0XkEyXkFqcGdeQXVyNjE5MjUyOTM@..jpg
2967,https://m.media-amazon.com/images/M/MV5BYTM5M2QxMTktNzQ3NC00ZDUyLWJhZGEtNjhjMDIwYWEzOGNkXkEyXkFqcGdeQXVyMDI2NDg0NQ@@..jpg
2968,https://m.media-amazon.com/images/M/MV5BMTg2MDYwMzM0NF5BMl5BanBnXkFtZTcwODI3MTQ5OQ@@..jpg
2969,https://m.media-amazon.com/images/M/MV5BOTcwZGJmMGYtOWY2OC00MWNlLWI3MDMtNGRlMTdmNjFiYTIyXkEyXkFqcGdeQXVyMjQzMzQzODY@..jpg
2970,https://m.media-amazon.com/images/M/MV5BYjIzNTYxMTctZjAwNS00YzI3LWExMGMtMGQxNGM5ZTc1NzhlXkEyXkFqcGdeQXVyMTQxNzMzNDI@..jpg
2971,https://m.media-amazon.com/images/M/MV5BZWE4N2JkNDUtZDU4MC00ZjNhLTlkMjYtOTNkMjZhMDAwMDMyXkEyXkFqcGdeQXVyMTA0MjU0Ng@@..jpg
2972,https://m.media-amazon.com/images/M/MV5BMjBmN2Q4MjMtMjZjNC00OGMyLTlmY2QtZDA0YjdlNjVmMWY1L2ltYWdlXkEyXkFqcGdeQXVyNzM0MDQ1Mw@@..jpg
2973,https://m.media-amazon.com/images/M/MV5BYWY3N2EyOWYtNDVhZi00MWRkLTg2OTUtODNkNDQ5ZTIwMGJkXkEyXkFqcGdeQXVyMTMxODk2OTU@..jpg
2974,https://m.media-amazon.com/images/M/MV5BOTdhZDJkNDgtODVkMS00ZDcxLWE3N2ItMDNkNzNiYmQyNmJhXkEyXkFqcGdeQXVyNzc5MjA3OA@@..jpg
2975,https://m.media-amazon.com/images/M/MV5BNDkwZjcyM2EtMzMyMS00MzNiLWFjNWUtYjM2YmM4ZTc3OGJjXkEyXkFqcGdeQXVyMTMxMTY0OTQ@..jpg
2976,https://m.media-amazon.com/images/M/MV5BMDMyMjEyYzEtODVlZC00OWY0LTkxZjItNjJmOWRjNzQxMGNmXkEyXkFqcGdeQXVyMTQxNzMzNDI@..jpg
2977,https://m.media-amazon.com/images/M/MV5BMTUxNjM0MDA3NV5BMl5BanBnXkFtZTgwMzIwMDYyMjI@..jpg
2978,https://m.media-amazon.com/images/M/MV5BYmE2NGUwYjEtNGMzZS00YzlkLThmYTgtZWMxZTVkOTY4ZTRmL2ltYWdlL2ltYWdlXkEyXkFqcGdeQXVyMTQxNzMzNDI@..jpg
2979,https://m.media-amazon.com/images/M/MV5BZTIxNDAxMmQtYTg4Ny00NzczLWJiNTItNDM2ODA5Y2FmZmQxL2ltYWdlL2ltYWdlXkEyXkFqcGdeQXVyMTQxNzMzNDI@..jpg
2982,https://m.media-amazon.com/images/M/MV5BODhmNTNjMWMtZWVkYS00MjBlLWFiYTMtMGU0OGVjZDBlMmQzXkEyXkFqcGdeQXVyMTQxNzMzNDI@..jpg
2983,https://m.media-amazon.com/images/M/MV5BMDVjZTBlYzgtODc3ZC00YzFlLTk2OGMtMzk5ODBkMTEzMzQzXkEyXkFqcGdeQXVyNjc1NTYyMjg@..jpg
2984,https://m.media-amazon.com/images/M/MV5BMTkxODMxNTM3MF5BMl5BanBnXkFtZTgwNjQ0Njg4MDE@..jpg
2985,https://m.media-amazon.com/images/M/MV5BZWVlYzU2ZjQtZmNkMi00OTc3LTkwZmYtZDVjNmY4OWFmZGJlXkEyXkFqcGdeQXVyMTQxNzMzNDI@..jpg
2986,https://m.media-amazon.com/images/M/MV5BNmFiNjVlMTctODE3Zi00NWIxLWFlOTctMjQ1NWFhNzI0MTkwXkEyXkFqcGdeQXVyMjY3MjUzNDk@..jpg
2987,https://m.media-amazon.com/images/M/MV5BMDhiOTM2OTctODk3Ny00NWI4LThhZDgtNGQ4NjRiYjFkZGQzXkEyXkFqcGdeQXVyMTA0MjU0Ng@@..jpg
2988,https://m.media-amazon.com/images/M/MV5BNmE2ZDU4ZGYtOTA2Ni00YjdkLWE4MTctZDNlNDhhMTAyMTgzXkEyXkFqcGdeQXVyMTQxNzMzNDI@..jpg
2989,https://m.media-amazon.com/images/M/MV5BMzQ4YzUzNGQtMDNkYS00NTk5LTkyMDgtNmVkMjg5MjIzNTdmXkEyXkFqcGdeQXVyNDY2MTk1ODk@..jpg
2990,https://m.media-amazon.com/images/M/MV5BODY3M2I0NGItYzJhNy00M2NiLThhMDgtNjZkNjA1NTQzMDM4XkEyXkFqcGdeQXVyNTIzOTk5ODM@..jpg
2991,https://m.media-amazon.com/images/M/MV5BYzFhNTBiYTMtZmI3MC00YmIxLWJjYzQtYzNmMjg1NjlhYzJkXkEyXkFqcGdeQXVyNDY2MTk1ODk@..jpg
2992,https://m.media-amazon.com/images/M/MV5BMTJiMGMyYmYtZjlkZi00MDMzLThiMmEtZWNiYzI5OWQ3ZWU1XkEyXkFqcGdeQXVyMTQxNzMzNDI@..jpg
2993,https://m.media-amazon.com/images/M/MV5BM2I0YWRjZDQtMjQwMC00N2EzLTg0MTctYWE0MzIzOTZiMjE5XkEyXkFqcGdeQXVyNDY2MTk1ODk@..jpg
2995,https://m.media-amazon.com/images/M/MV5BNzUwYWQzZDQtMDQ0Mi00NjFlLTgzNjAtNTFhZmZhNWY4NGEzL2ltYWdlXkEyXkFqcGdeQXVyNTAyODkwOQ@@..jpg
2996,https://m.media-amazon.com/images/M/MV5BZTU0ODZiNTktMTI0OC00NzZjLTlhZTMtYTE3ZjVlMmVhMmI4XkEyXkFqcGdeQXVyMTQxNzMzNDI@..jpg
2997,https://m.media-amazon.com/images/M/MV5BYmUxY2MyOTQtYjRlMi00ZWEwLTkzODctZDMxNDcyNTFhYjNjXkEyXkFqcGdeQXVyNDk3NzU2MTQ@..jpg
3000,https://m.media-amazon.com/images/M/MV5BNGIzY2IzODQtNThmMi00ZDE4LWI5YzAtNzNlZTM1ZjYyYjUyXkEyXkFqcGdeQXVyODEzNjM5OTQ@..jpg
3002,https://m.media-amazon.com/images/M/MV5BOTk1MzM3ZTQtMmQwYy00ZjJhLTlkY2ItYjM0NjFmYTRlODM5XkEyXkFqcGdeQXVyMjc1NDA2OA@@..jpg
3003,https://m.media-amazon.com/images/M/MV5BMTM0OTEzMDc4OF5BMl5BanBnXkFtZTYwNDMwNTM5..jpg
3004,https://m.media-amazon.com/images/M/MV5BODgxMGM0N2ItOWFlNi00MGUzLTkzMDctNGE2NTlkMGI1YWU5XkEyXkFqcGdeQXVyNDAxNjkxNjQ@..jpg
3005,https://m.media-amazon.com/images/M/MV5BOWQxN2ZmNDMtMzA2Ny00ZDJhLTlkNTgtMWMyZjljY2QzMzNhXkEyXkFqcGdeQXVyMTQxNzMzNDI@..jpg
3006,https://m.media-amazon.com/images/M/MV5BODg0YjAzNDQtOGFkMi00Yzk2LTg1NzYtYTNjY2UwZTM2ZDdkL2ltYWdlXkEyXkFqcGdeQXVyMTQxNzMzNDI@..jpg
3007,https://m.media-amazon.com/images/M/MV5BMjMxMDFhYzQtZDZmZS00ZDBjLWIzY2QtNDBiMDQ5YjBlNTk1XkEyXkFqcGdeQXVyNTAyODkwOQ@@..jpg
3008,https://m.media-amazon.com/images/M/MV5BNWU0NDE5NzAtM2FjNC00NzRhLWFlOTItOWUzYjZkNzViOTZhXkEyXkFqcGdeQXVyNTM0NTU5Mg@@..jpg
3010,https://m.media-amazon.com/images/M/MV5BOTY5ZDkyOGYtNzI0Ny00NTk4LThkN2ItOTA4NzQwNTIxNzcyXkEyXkFqcGdeQXVyMTMxODk2OTU@..jpg
3011,https://m.media-amazon.com/images/M/MV5BY2I3ZmQwOGMtMjdhMy00MjdkLTg3Y2ItMjZhNzI5MzZjZWUzXkEyXkFqcGdeQXVyMTAwMzUyOTc@..jpg
3013,https://m.media-amazon.com/images/M/MV5BZWQ0Njg5NDktYjNkZS00OTQwLTk3YjgtZjViOGM3YjQxZmJiXkEyXkFqcGdeQXVyMTQxNzMzNDI@..jpg
3014,https://m.media-amazon.com/images/M/MV5BMjMxNzhmNWUtMDJiNS00ODRjLWFlZmItZWVkNTc2NGE5YTE1XkEyXkFqcGdeQXVyNzc5MjA3OA@@..jpg
3015,https://m.media-amazon.com/images/M/MV5BZTAwODJlOGQtYTYxMi00ODI3LTgwZWYtZDViNzlkOWEwZmI5L2ltYWdlL2ltYWdlXkEyXkFqcGdeQXVyMjI4MjA5MzA@..jpg
3016,https://m.media-amazon.com/images/M/MV5BOTU3NGIyZTctOWEyMS00MGIyLWFkZWMtMTg0ODE2MjExNGZlXkEyXkFqcGdeQXVyMTQxNzMzNDI@..jpg
3017,https://m.media-amazon.com/images/M/MV5BN2QwZTMzODktNzRiYS00Y2JiLTk5ZmMtOGIwYTE1YTIyOTQ4XkEyXkFqcGdeQXVyMTQxNzMzNDI@..jpg
3018,https://m.media-amazon.com/images/M/MV5BNDRjNjRlNmYtZGVkOS00ODA1LWFmMTEtZmY1MWY5ZGM5OWUxXkEyXkFqcGdeQXVyMTQxNzMzNDI@..jpg
3019,https://m.media-amazon.com/images/M/MV5BMDljYTNjNWItZjFjNy00OGZhLWFjNjMtZjgyZjYxZGE0NTliXkEyXkFqcGdeQXVyMTQxNzMzNDI@..jpg
3020,https://m.media-amazon.com/images/M/MV5BYjcxMzM3OWMtNmM3Yy00YzBkLTkxMmQtMDk4MmM3Y2Y4MDliL2ltYWdlXkEyXkFqcGdeQXVyMTQxNzMzNDI@..jpg
3021,https://m.media-amazon.com/images/M/MV5BYTNhMWY3N2QtYWY5MC00ZTFhLWJmYTItODZjMmNmMTVjNTRiXkEyXkFqcGdeQXVyMTQxNzMzNDI@..jpg
3022,https://m.media-amazon.com/images/M/MV5BYmRiMDFlYjYtOTMwYy00OGY2LWE0Y2QtYzQxOGNhZmUwNTIxXkEyXkFqcGdeQXVyNzkwMjQ5NzM@..jpg
3024,https://m.media-amazon.com/images/M/MV5BYTdjZWVlNTUtMDYxMy00ZWExLTk3MzAtMDY4ODBmOWY4ODkzXkEyXkFqcGdeQXVyMTQxNzMzNDI@..jpg
3028,https://m.media-amazon.com/images/M/MV5BYTI5MmMzZjYtZTk5Yi00ZmRjLTkzODUtMWNkY2UwMTE0ZGFiXkEyXkFqcGdeQXVyNjE5MjUyOTM@..jpg
3029,https://m.media-amazon.com/images/M/MV5BMWQxOGJiMTgtYTQyNy00ZWVmLWE4ZjAtMWIyZjhjZWU5YmYwXkEyXkFqcGdeQXVyMTY5Nzc4MDY@..jpg
3030,https://m.media-amazon.com/images/M/MV5BZThiZjAzZjgtNDU3MC00YThhLThjYWUtZGRkYjc2ZWZlOTVjXkEyXkFqcGdeQXVyNTA4NzY1MzY@..jpg
3031,https://m.media-amazon.com/images/M/MV5BMWJiMDZkOGItOWM4Mi00MWQzLWEwMWYtMzA1YzRlNjljZGY4XkEyXkFqcGdeQXVyNzc5MjA3OA@@..jpg
3032,https://m.media-amazon.com/images/M/MV5BYmQ4Yjg4NTUtYjQ1Mi00NDZjLTkxYmEtNTMwYmQ0MWUzZDFlXkEyXkFqcGdeQXVyMTY5Nzc4MDY@..jpg
3033,https://m.media-amazon.com/images/M/MV5BMjVjOGQ0OTctNDhkZC00ZGNiLWI2ZGEtYjZlMWZjOTlkNDlhXkEyXkFqcGdeQXVyNjg1MjEwOTM@..jpg
3034,https://m.media-amazon.com/images/M/MV5BYjUwMzhkM2ItMTU2OC00OTQ5LWJlMDUtMzRmYjc0NDUyNGVhL2ltYWdlL2ltYWdlXkEyXkFqcGdeQXVyMTQxNzMzNDI@..jpg
3035,https://m.media-amazon.com/images/M/MV5BODc0ZGUzNDQtNzRmOC00MjVkLWE4MjgtMDYwNGJiZDI1YzNjXkEyXkFqcGdeQXVyNjc1NTYyMjg@..jpg
3036,https://m.media-amazon.com/images/M/MV5BNzIwMGQwMTAtNzg1OC00ZjViLWI1ZTAtNjliODJlNjUzMzhhXkEyXkFqcGdeQXVyMTQxNzMzNDI@..jpg
3037,https://m.media-amazon.com/images/M/MV5BMWQwNTZjNTgtMGQyMS00ZTI3LWFkNzEtYzIxM2EwZGYxMDU4XkEyXkFqcGdeQXVyMjUzOTY1NTc@..jpg
3038,https://m.media-amazon.com/images/M/MV5BYTI2MWI3N2UtNjBiMS00MWFlLWJhZjctZGIxZGI1NjdjNmZjXkEyXkFqcGdeQXVyMTY5Nzc4MDY@..jpg
3039,https://m.media-amazon.com/images/M/MV5BYTEzMjBiMzktMjQyMS00YzBhLTgzNWQtNzA0NmEwMTNmMDQ2XkEyXkFqcGdeQXVyNDk3NzU2MTQ@..jpg
3040,https://m.media-amazon.com/images/M/MV5BYTcwNWU5ZjItNDgxMy00NWI4LTg4ZTktZDQwNWMxNzkyZjViXkEyXkFqcGdeQXVyMDAyMTY3Nw@@..jpg
3041,https://m.media-amazon.com/images/M/MV5BYjg0OTc0YWYtOWM3NC00ZjBjLWIzNGQtZjhkYzg1ZGNhYzZhXkEyXkFqcGdeQXVyMTQxNzMzNDI@..jpg
3042,https://m.media-amazon.com/images/M/MV5BMzJiOWY0MmMtZDgwYy00NDgyLTg5MjgtN2IyYWZhNDJhZjdmXkEyXkFqcGdeQXVyMTQxNzMzNDI@..jpg
3043,https://m.media-amazon.com/images/M/MV5BZjY1NDZjYjYtZjRmMi00M2NhLTllMDktZDg2ZTRmNDA4Njc5XkEyXkFqcGdeQXVyNjQ4NTg2ODY@..jpg
3044,https://m.media-amazon.com/images/M/MV5BZmM1Zjc3YTEtNDM4OC00ODI5LTlmMmUtYmIyZWZhNGJiYzZjXkEyXkFqcGdeQXVyNjU0NTI0Nw@@..jpg
3045,https://m.media-amazon.com/images/M/MV5BMjIxODM3MTI4M15BMl5BanBnXkFtZTcwNTIzNzU2NA@@..jpg
3046,https://m.media-amazon.com/images/M/MV5BY2EyYzgxOWEtMWM4Ni00MmYzLTljZDYtMTVjYTQzZTlmMDdjXkEyXkFqcGdeQXVyMTQ4NDY5OTc@..jpg
3048,https://m.media-amazon.com/images/M/MV5BYWRiMTVlYTUtY2YzOC00MDQyLWI1OWEtZjliN2EyNTNmNzk3XkEyXkFqcGdeQXVyMTQxNzMzNDI@..jpg
3051,https://m.media-amazon.com/images/M/MV5BMmRhMGY4Y2QtYTdkOS00MzM2LWE1N2YtZjA5MDQzZmI2MWNjXkEyXkFqcGdeQXVyMTA0MjU0Ng@@..jpg
3052,https://m.media-amazon.com/images/M/MV5BYzAyOWUyZjQtNDBiMy00ZDExLTgwNmMtZDdmY2ViNzkyN2Y0XkEyXkFqcGdeQXVyMTQxNzMzNDI@..jpg
3053,https://m.media-amazon.com/images/M/MV5BMjAyMDMwMjg4Nl5BMl5BanBnXkFtZTcwMzM2NDU2MQ@@..jpg
3054,https://m.media-amazon.com/images/M/MV5BN2NkZjA0OWUtZDgyMy00MjIxLWJhZTEtYjdmYzVjZTQ3YWRiL2ltYWdlL2ltYWdlXkEyXkFqcGdeQXVyMzM4MjM0Nzg@..jpg
3055,https://m.media-amazon.com/images/M/MV5BMThhZjNjNDctOTgwYi00NDQ0LThiZTktOGI0ZGQzZTc3Yjk2XkEyXkFqcGdeQXVyNTM0NTU5Mg@@..jpg
3056,https://m.media-amazon.com/images/M/MV5BMTY4MTUxNzM4Ml5BMl5BanBnXkFtZTcwOTM0OTYyMQ@@..jpg
3057,https://m.media-amazon.com/images/M/MV5BMTI1MTYxMTY0MV5BMl5BanBnXkFtZTcwNjQ3MDAyMQ@@..jpg
3060,https://m.media-amazon.com/images/M/MV5BNTRiMmUyMTMtMmI1Ny00MmUyLWJmZGUtNDVhMWMxNDA3OGNiXkEyXkFqcGdeQXVyMTMxODk2OTU@..jpg
3061,https://m.media-amazon.com/images/M/MV5BMTUyODU0OTUwMF5BMl5BanBnXkFtZTgwMTE4NTQzMjE@..jpg
3062,https://m.media-amazon.com/images/M/MV5BZTM1ZjQ2YTktNDM2MS00NGY2LTkzNzItZTU4ODg1ODNkMWYxL2ltYWdlXkEyXkFqcGdeQXVyNjc1NTYyMjg@..jpg
3063,https://m.media-amazon.com/images/M/MV5BZTgzNTZhODktZjE4Ny00ZDIwLWE3NjEtOTVmMWM0Nzc5YzZmXkEyXkFqcGdeQXVyMTQxNzMzNDI@..jpg
3064,https://m.media-amazon.com/images/M/MV5BM2FkYzU4NjQtY2ZkNy00ODczLWEzZDQtNGYxYzBiYWFlMDdlXkEyXkFqcGdeQXVyNjQ2MjQ5NzM@..jpg
3066,https://m.media-amazon.com/images/M/MV5BY2MyZWY2ZDAtOTM5ZC00NTM4LTgxNWYtYjBiMTFkNjFjNTM4XkEyXkFqcGdeQXVyNjQzNDI3NzY@..jpg
3067,https://m.media-amazon.com/images/M/MV5BYWM1NWFjMDItODg5OS00MWUwLWFjNWUtOGZkZWM3NmRiMWNjXkEyXkFqcGdeQXVyMTA0MjU0Ng@@..jpg
3068,https://m.media-amazon.com/images/M/MV5BMTU5MzMwMzAzM15BMl5BanBnXkFtZTcwNjYyMjA0Mg@@..jpg
3070,https://m.media-amazon.com/images/M/MV5BMmE1OWZjYjctYzZlNi00YmEyLTg4YWYtZDc4NTE2ODZlYzhhXkEyXkFqcGdeQXVyNzc5MjA3OA@@..jpg
3071,https://m.media-amazon.com/images/M/MV5BMTQ2MjA4MTcwOF5BMl5BanBnXkFtZTgwNTI4OTI1MDE@..jpg
3072,https://m.media-amazon.com/images/M/MV5BMjIwMDY0NzYyMF5BMl5BanBnXkFtZTcwOTE5NDk0NA@@..jpg
3073,https://m.media-amazon.com/images/M/MV5BZDM3MGIwN2QtN2MzOS00NDEwLTk1YTktYWU3MThmNzJiZmIyXkEyXkFqcGdeQXVyMTAwMzUyOTc@..jpg
3074,https://m.media-amazon.com/images/M/MV5BYzE0NWI0ZDctYjkwNi00YTM3LWI4MjYtZGRlN2JiMjZmYzY3XkEyXkFqcGdeQXVyMjUzOTY1NTc@..jpg
3075,https://m.media-amazon.com/images/M/MV5BZTU5ZThjNzAtNjc4NC00OTViLWIxYTYtODFmMTk5Y2NjZjZiL2ltYWdlL2ltYWdlXkEyXkFqcGdeQXVyNjc1NTYyMjg@..jpg
3076,https://m.media-amazon.com/images/M/MV5BMDI2Njc0N2MtM2QxZi00MmQwLWFmZjEtODg0YTA0MGUyZTJhXkEyXkFqcGdeQXVyNjc1NTYyMjg@..jpg
3077,https://m.media-amazon.com/images/M/MV5BMjAwNjYxMzUwNF5BMl5BanBnXkFtZTcwMjI3OTgxMQ@@..jpg
3078,https://m.media-amazon.com/images/M/MV5BMTQyNDY5MzczMF5BMl5BanBnXkFtZTYwMjY4MzQ3..jpg
3079,https://m.media-amazon.com/images/M/MV5BNjUyNDg5OWUtYjZmMC00MmQ4LThjZjYtZmE4MzBhMzI2MzQ1XkEyXkFqcGdeQXVyMjA0MzYwMDY@..jpg
3081,https://m.media-amazon.com/images/M/MV5BMTQ4Yjk5ODEtNGFkOS00OTY1LTgwYTYtOTFkNmU2NzBmNGM2XkEyXkFqcGdeQXVyNDQ2MTMzODA@..jpg
3082,https://m.media-amazon.com/images/M/MV5BMjA0MzUyNjg0MV5BMl5BanBnXkFtZTcwNDY5MDg0NA@@..jpg
3083,https://m.media-amazon.com/images/M/MV5BZTk2ZTMzMmUtZjUyNi00YzMyLWE3NTAtNDNjNzU3MGQ1YTFjXkEyXkFqcGdeQXVyMTA0MjU0Ng@@..jpg
3086,https://m.media-amazon.com/images/M/MV5BZTYxNzA3ZDUtYTM2MC00MmM5LThmNzUtMDgzZWJmYjcyNTc1XkEyXkFqcGdeQXVyNjMwMjk0MTQ@..jpg
3087,https://m.media-amazon.com/images/M/MV5BM2NlMDQzMDktNTMyZS00MjBjLWI0MmEtMzgzZDM2ZTVkNzE1XkEyXkFqcGdeQXVyNTUyMzE4Mzg@..jpg
3088,https://m.media-amazon.com/images/M/MV5BMzg2YTFkNjgtM2ZkNS00MWVkLWIwMTEtZTgzMDM2MmUxNDE2XkEyXkFqcGdeQXVyMjI4MjA5MzA@..jpg
3089,https://m.media-amazon.com/images/M/MV5BNmI1ODdjODctMDlmMC00ZWViLWI5MzYtYzRhNDdjYmM3MzFjXkEyXkFqcGdeQXVyMTMxODk2OTU@..jpg
3090,https://m.media-amazon.com/images/M/MV5BZmFlYzMxMTItODgyYy00ZjM2LTkzZGEtOGZmMTc0YzlmY2FlXkEyXkFqcGdeQXVyMTQxNzMzNDI@..jpg
3091,https://m.media-amazon.com/images/M/MV5BMzFhNWVmNWItNGM5OC00NjZhLTk3YTQtMjE1ODUyOThlMjNmL2ltYWdlXkEyXkFqcGdeQXVyNTAyODkwOQ@@..jpg
3093,https://m.media-amazon.com/images/M/MV5BMmMxMTk0MmMtY2I0YS00NjcwLTk2NjYtOWFlOTA0M2EzNjgxL2ltYWdlL2ltYWdlXkEyXkFqcGdeQXVyMTQxNzMzNDI@..jpg
3094,https://m.media-amazon.com/images/M/MV5BZTU1OTViNGEtYmViMS00YjllLWI4OTEtNGNkMWJhY2U4YjAxXkEyXkFqcGdeQXVyMjUzMTYzMDI@..jpg
3095,https://m.media-amazon.com/images/M/MV5BNzJiOGI2MjctYjUyMS00ZjkzLWE2ZmUtOTg4NTZkOTNhZDc1L2ltYWdlXkEyXkFqcGdeQXVyNjc1NTYyMjg@..jpg
3096,https://m.media-amazon.com/images/M/MV5BNmZiNTQzMTYtZWZkMS00YWQwLWI0MTYtM2E2NTJjNTMxNGQ4XkEyXkFqcGdeQXVyNTk1MTk0MDI@..jpg
3097,https://m.media-amazon.com/images/M/MV5BNzc1MTcyNTQ5N15BMl5BanBnXkFtZTgwMzgwMDI0MjE@..jpg
3098,https://m.media-amazon.com/images/M/MV5BZGU5NDU4ZTctYjE2YS00NTUxLWIzMTAtMTMxNTgxODAzNDI5XkEyXkFqcGdeQXVyMTAwMzUyOTc@..jpg
3099,https://m.media-amazon.com/images/M/MV5BZWE0YmFhMDctOGFkYS00ODNmLTgyMTMtNzBiNWE2ZmNjNzdjXkEyXkFqcGdeQXVyNjc1NTYyMjg@..jpg
3100,https://m.media-amazon.com/images/M/MV5BNzE4YWZkOWMtOWZlNS00NzU4LTk5MDQtZjZkNDllMjM1NGI1XkEyXkFqcGdeQXVyMTQxNzMzNDI@..jpg
3101,https://m.media-amazon.com/images/M/MV5BYjBjNzNiNWYtYWU0NC00OTdjLTk3NmYtM2NjZjc2ZGIwOTQ1XkEyXkFqcGdeQXVyMTQxNzMzNDI@..jpg
3102,https://m.media-amazon.com/images/M/MV5BYjIxNjczNmEtNDAzYi00MDcyLWExZTYtYTc2NDZlMDA2MzAwXkEyXkFqcGdeQXVyNzkwMjQ5NzM@..jpg
3103,https://m.media-amazon.com/images/M/MV5BMzhkYTEyYzItMWU5Ny00NjhiLWFiNmEtM2QwOWVlY2UyZThmXkEyXkFqcGdeQXVyMTA0MjU0Ng@@..jpg
3104,https://m.media-amazon.com/images/M/MV5BZGIwM2JhNmQtYzQ5ZC00NzdkLTgwZjItMDRiN2QxM2ViMzk0XkEyXkFqcGdeQXVyNTIzOTk5ODM@..jpg
3105,https://m.media-amazon.com/images/M/MV5BMjI5NjEzMDYyMl5BMl5BanBnXkFtZTgwNjgwNTg4NjE@..jpg
3106,https://m.media-amazon.com/images/M/MV5BZDJmYWI4MTEtMjY0Yy00NDEyLWE4ZGYtNjFhYzFiMDlmMmM3XkEyXkFqcGdeQXVyNzc5MjA3OA@@..jpg
3107,https://m.media-amazon.com/images/M/MV5BZTFjOWVkNjUtYTdkOC00MGQ5LWI5OTQtMTIyYzQwN2UzMDgzXkEyXkFqcGdeQXVyNDk3NzU2MTQ@..jpg
3108,https://m.media-amazon.com/images/M/MV5BOGZmMDM1NTQtMzc0Yi00ODRiLWJjYjQtMGRmYWRlOTY2ODMxXkEyXkFqcGdeQXVyMTQxNzMzNDI@..jpg
3109,https://m.media-amazon.com/images/M/MV5BZDVhYjg5OGEtYjZkZS00YjBmLTljMzItOWMxMmQ4N2YwNjliXkEyXkFqcGdeQXVyMTA0MjU0Ng@@..jpg
3111,https://m.media-amazon.com/images/M/MV5BNGQwODc1NTctYTAzMS00M2YyLTgwNzMtNGY1MDE4MjE4YzY5XkEyXkFqcGdeQXVyNTI4MjkwNjA@..jpg
3112,https://m.media-amazon.com/images/M/MV5BMjhkYTViYzItODg1ZS00OTRjLTlmMzUtMDIwYTM0OWRlNWQyXkEyXkFqcGdeQXVyNjMwMjk0MTQ@..jpg
3113,https://m.media-amazon.com/images/M/MV5BYWM3MTMwYTYtNTVmOC00NWU2LWJjNmMtY2YwMDM4NWM4NDhiXkEyXkFqcGdeQXVyNDc2NjEyMw@@..jpg
3114,https://m.media-amazon.com/images/M/MV5BMWM5ZDcxMTYtNTEyNS00MDRkLWI3YTItNThmMGExMWY4NDIwXkEyXkFqcGdeQXVyNjUwNzk3NDc@..jpg
3115,https://m.media-amazon.com/images/M/MV5BOTJlMGU2YjgtOTQzNS00ODNmLTg4OTEtM2Y5NDE3MTNjMjNlXkEyXkFqcGdeQXVyMTQ4NDY5OTc@..jpg
3117,https://m.media-amazon.com/images/M/MV5BMTEzMTRjZDMtNjMyZi00N2I5LWIyYTAtNjNhNDQ4ZjVjNTY3XkEyXkFqcGdeQXVyNjQ2MjQ5NzM@..jpg
3120,https://m.media-amazon.com/images/M/MV5BOTJmYjQxYzEtOTljMC00NmEwLWFlMDktNmFmNTQ1MjE3NDU3XkEyXkFqcGdeQXVyNjExODE1MDc@..jpg
3125,https://m.media-amazon.com/images/M/MV5BYzhkNDRkMDctYTcxMy00MTI3LWI5ODQtZWNkYWQ2ZjA2ZDk2XkEyXkFqcGdeQXVyMTQxNzMzNDI@..jpg
3127,https://m.media-amazon.com/images/M/MV5BOTRhYTVlZTQtM2IzYi00NWEyLThkNjMtMjM5ZTU1ZGMxMGYwXkEyXkFqcGdeQXVyMjUyNDk2ODc@..jpg
3129,https://m.media-amazon.com/images/M/MV5BMjE2MzA5MDQ4NV5BMl5BanBnXkFtZTgwNjI4ODQxMDE@..jpg
3130,https://m.media-amazon.com/images/M/MV5BMTc4MzEzMjc0Nl5BMl5BanBnXkFtZTgwNzU1NTk4NjE@..jpg
3132,https://m.media-amazon.com/images/M/MV5BMWYwYTc4NmItYTMwZS00NDFlLWFmYWMtMzdhMGRhNTQzNzliXkEyXkFqcGdeQXVyNjA5MTAzODY@..jpg
3134,https://m.media-amazon.com/images/M/MV5BMTg3MTI5NTk0N15BMl5BanBnXkFtZTgwMjU1MDM5MTE@..jpg
3135,https://m.media-amazon.com/images/M/MV5BMGQwZjA0ZTgtZTMzYy00Y2FiLWJhZGUtNGI0MzEzYmFhNmZjXkEyXkFqcGdeQXVyNTc1NTQxODI@..jpg
3138,https://m.media-amazon.com/images/M/MV5BZDdiMWQzMTctZmE4Ny00NmQ2LWI0Y2EtMDZlMjcyOGFlZTFjXkEyXkFqcGdeQXVyNzc5MjA3OA@@..jpg
3141,https://m.media-amazon.com/images/M/MV5BMTQ5NjJjNDMtOTg2Zi00Y2Q3LWJhNDMtZTRkODdiYmNhZmJiXkEyXkFqcGdeQXVyNDY2MTk1ODk@..jpg
3142,https://m.media-amazon.com/images/M/MV5BMTY4MDYzNzQ4NF5BMl5BanBnXkFtZTcwMjAxODEzMQ@@..jpg
3143,https://m.media-amazon.com/images/M/MV5BOTRjNDhhN2EtMGJmMy00YWNiLTg5ZmYtNTNiMjc5OGNlMTgwXkEyXkFqcGdeQXVyMjgxMzgyNjI@..jpg
3145,https://m.media-amazon.com/images/M/MV5BMTcwNzMzOTE2NV5BMl5BanBnXkFtZTcwMTk1OTMyMQ@@..jpg
3146,https://m.media-amazon.com/images/M/MV5BZWIzMzQxZTUtYTJmYi00ZGNmLWEzMDUtZGM2ZjJiNTU2MTk1XkEyXkFqcGdeQXVyMTQxNzMzNDI@..jpg
3147,https://m.media-amazon.com/images/M/MV5BMTUxMzQyNjA5MF5BMl5BanBnXkFtZTYwOTU2NTY3..jpg
3148,https://m.media-amazon.com/images/M/MV5BNmY5YzA4OTQtOTQzZS00NDZmLTlhNzQtNzk5NTIyZWE2ZjVkXkEyXkFqcGdeQXVyMTQxNzMzNDI@..jpg
3150,https://m.media-amazon.com/images/M/MV5BN2NlZTEyZTYtMGM5MS00OTlkLTk1YTgtZGY2MGQyODZlYTU0XkEyXkFqcGdeQXVyMTQxNzMzNDI@..jpg
3152,https://m.media-amazon.com/images/M/MV5BNmVjNzZkZjQtYmM5ZC00M2I0LWJhNzktNDk3MGU1NWMxMjFjXkEyXkFqcGdeQXVyNjc1NTYyMjg@..jpg
3153,https://m.media-amazon.com/images/M/MV5BMjA0MzUzMjQ5MF5BMl5BanBnXkFtZTgwMDAxNzYzNTE@..jpg
3155,https://m.media-amazon.com/images/M/MV5BZWQzMmY1ZDktMjk0Yi00MGJmLWI0ZWQtYzQzNjU2MTk5ZjA5XkEyXkFqcGdeQXVyMjQwMjk0NjI@..jpg
3156,https://m.media-amazon.com/images/M/MV5BYTU4Nzg5YmItNzE0Yy00Y2VmLWI3OTYtNTFjODEzMDE0YTI4XkEyXkFqcGdeQXVyMTQxNzMzNDI@..jpg
3157,https://m.media-amazon.com/images/M/MV5BMDJlZWZiODItMGE3NC00Yzg3LWFhYTYtZTI2YWNlNjExMDE4XkEyXkFqcGdeQXVyMTA0MjU0Ng@@..jpg
3158,https://m.media-amazon.com/images/M/MV5BNjc4MDA0MTY1MF5BMl5BanBnXkFtZTYwOTM4MTY5..jpg
3159,https://m.media-amazon.com/images/M/MV5BMTE3OGUxNmItZmM3MC00ZTI3LTg0YTUtMzA3MGJkZjkyNjEyXkEyXkFqcGdeQXVyMTQxNzMzNDI@..jpg
3160,https://m.media-amazon.com/images/M/MV5BZjk3YThkNDktNjZjMS00MTBiLTllNTAtYzkzMTU0N2QwYjJjXkEyXkFqcGdeQXVyMTMxODk2OTU@..jpg
3161,https://m.media-amazon.com/images/M/MV5BMDk3NjE3Y2YtZjM2MC00MTk2LWJhNzItZDk3NTBlZjliYzcxXkEyXkFqcGdeQXVyMTgxOTIzNzk@..jpg
3162,https://m.media-amazon.com/images/M/MV5BNzE5YjQ0MjItOTNhMS00NTliLWJjYmEtMTE1NTExNjRlZjRjXkEyXkFqcGdeQXVyMTQxNzMzNDI@..jpg
3163,https://m.media-amazon.com/images/M/MV5BZTRhNzBiZjUtZWExZi00NDEwLWIzYjUtNjhhOWVjODkzYjljXkEyXkFqcGdeQXVyMTAwMzUyOTc@..jpg
3165,https://m.media-amazon.com/images/M/MV5BMzczODNjMjktZDQzNC00ZWI3LThhODQtZmFhNmQxMDA0ZmY4XkEyXkFqcGdeQXVyMTQxNzMzNDI@..jpg
3167,https://m.media-amazon.com/images/M/MV5BYzI0OTE3N2MtNmM5Yy00ZDI3LTllODItMjA3YjEwN2NlNGRjXkEyXkFqcGdeQXVyNjc1NTYyMjg@..jpg
3168,https://m.media-amazon.com/images/M/MV5BMTc2MjI2NDc4Ml5BMl5BanBnXkFtZTgwODI4NzU0MTI@..jpg
3169,https://m.media-amazon.com/images/M/MV5BNjM4NTI0MjUzNV5BMl5BanBnXkFtZTcwMTMzNzYzNA@@..jpg
3171,https://m.media-amazon.com/images/M/MV5BNzQ3NDNkZTMtYzJlMC00MzRjLTk5ZGEtYzI2OTZmNTQ4NmUzXkEyXkFqcGdeQXVyMTAwMjAxOTU@..jpg
3173,https://m.media-amazon.com/images/M/MV5BZDk2YTQxZjUtYzJkYi00MTk4LTk4NDAtZmQ3ZGQwMDQxY2ZjXkEyXkFqcGdeQXVyMTQxNzMzNDI@..jpg
3174,https://m.media-amazon.com/images/M/MV5BNDI1Mjc3MzAtZDk0OS00OTZlLTlhZjktNzA3ODgwZGY2NWIwXkEyXkFqcGdeQXVyMTQxNzMzNDI@..jpg
3175,https://m.media-amazon.com/images/M/MV5BNmZlNTY5YjQtZTU5ZC00MzcyLWI1NDMtNjA0ZjQxMmQwYjJmL2ltYWdlXkEyXkFqcGdeQXVyNTAyODkwOQ@@..jpg
3176,https://m.media-amazon.com/images/M/MV5BODA3NDhiZjYtYTk2NS00ZWYwLTljYTQtMjU0NzcyMGEzNTU2L2ltYWdlL2ltYWdlXkEyXkFqcGdeQXVyMTQxNzMzNDI@..jpg
3177,https://m.media-amazon.com/images/M/MV5BZTg4NTkzMDEtM2MzOS00MDE1LWJmYWItYzdiMGRiNTdmZmFkXkEyXkFqcGdeQXVyNjUwNzk3NDc@..jpg
3178,https://m.media-amazon.com/images/M/MV5BMTA3OTYxMzg0MDFeQTJeQWpwZ15BbWU4MDY1MjY0MTEx..jpg
3179,https://m.media-amazon.com/images/M/MV5BZjQ5MTY1NTgtZGNiNy00MTk4LWI3MGItYjZiN2Y5NmI2MzY0XkEyXkFqcGdeQXVyMjgyNjk3MzE@..jpg
3181,https://m.media-amazon.com/images/M/MV5BOTE0ZWY5N2UtZTlmMy00NGIwLTg4MGItMzkzYTY5OTYyOWIyXkEyXkFqcGdeQXVyMTQxNzMzNDI@..jpg
3182,https://m.media-amazon.com/images/M/MV5BOGEwNjI3N2MtMjQ3Yi00ZDE2LWE2YmMtYzU5YTQ0ODlkMjEzXkEyXkFqcGdeQXVyNTc4Njg5MjA@..jpg
3183,https://m.media-amazon.com/images/M/MV5BMTI4NjQ1MTk0Nl5BMl5BanBnXkFtZTYwNjk1NDM5..jpg
3185,https://m.media-amazon.com/images/M/MV5BYWYzN2I5NWItYTdmNS00ZWNmLWI0MWItMTJhN2FjMjY3MDQ1XkEyXkFqcGdeQXVyMTQxNzMzNDI@..jpg
3186,https://m.media-amazon.com/images/M/MV5BNzdjZDYwM2QtMGNlZS00MGQzLTlhMjctYTU4NWI5MWJlYmQwXkEyXkFqcGdeQXVyMTAwMzUyOTc@..jpg
3189,https://m.media-amazon.com/images/M/MV5BMTc1NDgxMjg5MV5BMl5BanBnXkFtZTYwNTUxODc5..jpg
3190,https://m.media-amazon.com/images/M/MV5BMTgwMjI4OTU4MF5BMl5BanBnXkFtZTcwOTk3MTE3NA@@..jpg
3192,https://m.media-amazon.com/images/M/MV5BNWQ4NDQyMzQtZDlkNC00MGJlLTlmZTYtMjE2ZDljOWE5MDY5XkEyXkFqcGdeQXVyOTk3NTc2MzE@..jpg
3194,https://m.media-amazon.com/images/M/MV5BMjFiM2IwN2MtNWQ3My00YmYwLTliMjYtMzZlMDQxZTdjNDA1L2ltYWdlL2ltYWdlXkEyXkFqcGdeQXVyNjc1NTYyMjg@..jpg
3196,https://m.media-amazon.com/images/M/MV5BNDMyNGU0NjUtNTIxMC00ZmU2LWE0ZGItZTdkNGVlODI2ZDcyL2ltYWdlXkEyXkFqcGdeQXVyNjc1NTYyMjg@..jpg
3197,https://m.media-amazon.com/images/M/MV5BNzNkODVlNWMtMDljZC00NGM1LWFkZTgtZjFjZjQ1ZmVjNzhjXkEyXkFqcGdeQXVyNjUwNzk3NDc@..jpg
3198,https://m.media-amazon.com/images/M/MV5BZGRjZjQ0NzAtYmZlNS00Zjc1LTk1YWItMDY5YzQxMzA4MTAzXkEyXkFqcGdeQXVyMjI4MjA5MzA@..jpg
3200,https://m.media-amazon.com/images/M/MV5BNGI0M2M2MzgtZGVjYS00ODZkLWI4NTEtYzEyNzUzYzgxMTM2XkEyXkFqcGdeQXVyMjI4MjA5MzA@..jpg
3201,https://m.media-amazon.com/images/M/MV5BMTRiY2VkMjctNWQzZC00NjAyLTkzNjktYzAwN2M2ODNhOTA1XkEyXkFqcGdeQXVyMjUzOTY1NTc@..jpg
3203,https://m.media-amazon.com/images/M/MV5BMTAyNzk5MzYyNjBeQTJeQWpwZ15BbWU3MDIwODg0NDI@..jpg
3204,https://m.media-amazon.com/images/M/MV5BZjgxYjVmODctOTRhMy00MmE1LTgwOWUtYjY1OGQwYjBiMzg1XkEyXkFqcGdeQXVyMTMxMTY0OTQ@..jpg
3206,https://m.media-amazon.com/images/M/MV5BYThmYzNiMTYtYzNhNy00ZmI2LWI0MmYtYWY0NDA5Y2EyZGNjXkEyXkFqcGdeQXVyMTA0MjU0Ng@@..jpg
3208,https://m.media-amazon.com/images/M/MV5BNWNjYjY5Y2QtM2QzMy00MmE3LWE2NWMtMzg0YTFkMDkwYWFhXkEyXkFqcGdeQXVyNjE5MjUyOTM@..jpg
3210,https://m.media-amazon.com/images/M/MV5BYzBlZjE1MDctYjZmZC00ZTJmLWFkOWEtYjdmZDZkODBkZmI2XkEyXkFqcGdeQXVyNjQ2MjQ5NzM@..jpg
3211,https://m.media-amazon.com/images/M/MV5BOWVhOTgxMGQtNzU2YS00Yzk5LTgxZDAtNGM2ZDJjNzhhMWZjXkEyXkFqcGdeQXVyMTA0MjU0Ng@@..jpg
3213,https://m.media-amazon.com/images/M/MV5BYTRiMWM3MGItNjAxZC00M2E3LThhODgtM2QwOGNmZGU4OWZhXkEyXkFqcGdeQXVyNjExODE1MDc@..jpg
3214,https://m.media-amazon.com/images/M/MV5BN2ZmMTc2YzYtYjQ1OC00NTgxLTg1ZmUtODIwYzg4ZTEyNWM3XkEyXkFqcGdeQXVyMzU4Nzk4MDI@..jpg
3217,https://m.media-amazon.com/images/M/MV5BMmE5ODI0NzMtYjc5Yy00MzMzLTk5OTQtN2Q3MzgwOTllMTY3XkEyXkFqcGdeQXVyNjc0MzMzNjA@..jpg
3219,https://m.media-amazon.com/images/M/MV5BMTYwMTEzMjgwMl5BMl5BanBnXkFtZTgwOTU1NTk4NjE@..jpg
3221,https://m.media-amazon.com/images/M/MV5BMDJjMGM4N2UtMDE5Ny00NWNlLWI0NTgtMDA5ODNlNDVmN2U1L2ltYWdlXkEyXkFqcGdeQXVyNzc5MjA3OA@@..jpg
3223,https://m.media-amazon.com/images/M/MV5BNjI1NGM2ZTEtNmIyNi00YmY4LTljZDUtNTM1YzdmOTEyMzJhXkEyXkFqcGdeQXVyMTQxNzMzNDI@..jpg
3224,https://m.media-amazon.com/images/M/MV5BNjVjZmNmZWMtNjlmOS00ZThhLTlmZGUtZDhhYWZjOTk5YjA0XkEyXkFqcGdeQXVyMTA2ODMzMDU@..jpg
3225,https://m.media-amazon.com/images/M/MV5BMTI3NDIxMTIwMF5BMl5BanBnXkFtZTcwNTQ3MTIyMQ@@..jpg
3230,https://m.media-amazon.com/images/M/MV5BY2VlMDIxNzgtYjg5MC00ODZjLWJlOWUtODZjYzc1Y2YxZDM3XkEyXkFqcGdeQXVyNzkwMjQ5NzM@..jpg
3235,https://m.media-amazon.com/images/M/MV5BZTkxMzQ1Y2EtNDNkOS00Y2Y2LTgwNjktMzQwY2MxNzAwYzMxXkEyXkFqcGdeQXVyNzc5MjA3OA@@..jpg
3238,https://m.media-amazon.com/images/M/MV5BNzUzMWY1NTItMTE3MS00YWQ3LWJkZDQtY2IyZDZjZDhkYjA2XkEyXkFqcGdeQXVyMjk1NzAxNg@@..jpg
3240,https://m.media-amazon.com/images/M/MV5BMTQwODQ2OTYwM15BMl5BanBnXkFtZTcwMjU5NTAyMQ@@..jpg
3241,https://m.media-amazon.com/images/M/MV5BMTI1NjUxODc3OV5BMl5BanBnXkFtZTcwODU2MDU1MQ@@..jpg
3243,https://m.media-amazon.com/images/M/MV5BZjc5OGIzYTUtYjFkYy00NDcxLTgwMzUtNzRlMTJmZjZkZDQ4L2ltYWdlL2ltYWdlXkEyXkFqcGdeQXVyNjE5MjUyOTM@..jpg
3244,https://m.media-amazon.com/images/M/MV5BOWRlNGI5NjAtNDFjZi00YTc1LTkxNGQtNzljMDY0OWY1NjRiL2ltYWdlL2ltYWdlXkEyXkFqcGdeQXVyMjA0MDQ0Mjc@..jpg
3246,https://m.media-amazon.com/images/M/MV5BZDkzOTFmMTUtMmI2OS00MDE4LTg5YTUtODMwNDMzNmI5OGYwL2ltYWdlXkEyXkFqcGdeQXVyMTQxNzMzNDI@..jpg
3247,https://m.media-amazon.com/images/M/MV5BNTFmOTYxOWMtMDE2MC00ODhmLTlhM2QtZjZkZmVhZGYyNGFlXkEyXkFqcGdeQXVyMjA0MzYwMDY@..jpg
3248,https://m.media-amazon.com/images/M/MV5BMmM0YjY5YjctYzljMy00ODcxLWI3ZDItMmE1MGU5YTI5MzI3XkEyXkFqcGdeQXVyMjA0MzYwMDY@..jpg
3249,https://m.media-amazon.com/images/M/MV5BYjdiZDA5ODUtMWE2OC00ZDVkLTkwN2YtOWU5ZTA2ZDdhZWQ3XkEyXkFqcGdeQXVyNjMwMjk0MTQ@..jpg
3250,https://m.media-amazon.com/images/M/MV5BOGU2ZjkzNTAtMGE0NS00N2RmLTg5YWItMDA5NjM4OWJlNWM3XkEyXkFqcGdeQXVyMTQxNzMzNDI@..jpg
3251,https://m.media-amazon.com/images/M/MV5BNmU2ZTYxZWUtYTVmMy00MmE0LWJjMmItYzcwNWY0MWZmNTJhXkEyXkFqcGdeQXVyMTA0MjU0Ng@@..jpg
3252,https://m.media-amazon.com/images/M/MV5BZTM3ZjA3NTctZThkYy00ODYyLTk2ZjItZmE0MmZlMTk3YjQwXkEyXkFqcGdeQXVyNTA4NzY1MzY@..jpg
3253,https://m.media-amazon.com/images/M/MV5BMDAyNDY3MjUtYmJjYS00Zjc5LTlhM2MtNzgzYjNlOWVkZjkzL2ltYWdlL2ltYWdlXkEyXkFqcGdeQXVyNjU0OTQ0OTY@..jpg
3254,https://m.media-amazon.com/images/M/MV5BZTdhODcyMGMtMzg3NC00MTViLWJiZjktZWIyY2NhNWZhYzUxXkEyXkFqcGdeQXVyNjE5MjUyOTM@..jpg
3255,https://m.media-amazon.com/images/M/MV5BNjQ1NTQyYjktZDc5My00NDA1LWI1NmItY2ViNjQ0NDk4NmRjXkEyXkFqcGdeQXVyNTAyODkwOQ@@..jpg
3256,https://m.media-amazon.com/images/M/MV5BMjA3OTA0NjI0Nl5BMl5BanBnXkFtZTgwNjUwODQxMTE@..jpg
3257,https://m.media-amazon.com/images/M/MV5BYjNhMGEwNDYtOTYxZC00NmY3LWI0ZmMtMDdmZTU2OTgzMDYwXkEyXkFqcGdeQXVyMTQxNzMzNDI@..jpg
3258,https://m.media-amazon.com/images/M/MV5BNzM2YjIwMzgtZTg4Yy00NmJlLWIzOTYtYTQ0Zjc3NjIyZDcyXkEyXkFqcGdeQXVyMTQxNzMzNDI@..jpg
3259,https://m.media-amazon.com/images/M/MV5BN2FiZTMzOGQtODQ2Ny00ZGFlLThiMDgtMTdhMjg4ZWM1MWMzXkEyXkFqcGdeQXVyNjc1NTYyMjg@..jpg
3260,https://m.media-amazon.com/images/M/MV5BMTk3MDY3NDc2NF5BMl5BanBnXkFtZTgwODcwNjgzOTE@..jpg
3261,https://m.media-amazon.com/images/M/MV5BMjMxMDBhYzktZWY4Ny00ZmUxLWJhZTctYjk2YTljYTM4MDE0XkEyXkFqcGdeQXVyMTQxNzMzNDI@..jpg
3262,https://m.media-amazon.com/images/M/MV5BMzc5ODcyNTYtMDAwNy00MDhjLWFmOWUtNGVhMDRlYjE1YzNjXkEyXkFqcGdeQXVyMTQxNzMzNDI@..jpg
3263,https://m.media-amazon.com/images/M/MV5BMTc5ZjE2MmEtYWIxYi00OGY0LTk0ZTUtMzJiYjI4OWZmNTVmXkEyXkFqcGdeQXVyNzc5MjA3OA@@..jpg
3264,https://m.media-amazon.com/images/M/MV5BN2NkY2Y5MmMtZjZmNC00YWZmLTkwZTUtMDFiZTQ2MmNjMTMxXkEyXkFqcGdeQXVyMTQxNzMzNDI@..jpg
3265,https://m.media-amazon.com/images/M/MV5BOTIzZGU4ZWMtYmNjMy00NzU0LTljMGYtZmVkMDYwN2U2MzYwL2ltYWdlXkEyXkFqcGdeQXVyNTAyODkwOQ@@..jpg
3266,https://m.media-amazon.com/images/M/MV5BMWQzYjc4MDctOGRjNy00MzExLTgyZDEtMjgxMmRkZjA1ZTRlXkEyXkFqcGdeQXVyMzAxNjg3MjQ@..jpg
3267,https://m.media-amazon.com/images/M/MV5BNjMwNzA1NmQtYjUyYS00MTNlLWJiNDktODM3YTFlZDA0ZWUxXkEyXkFqcGdeQXVyMTQxNzMzNDI@..jpg
3268,https://m.media-amazon.com/images/M/MV5BNzZiZmUzMDAtN2RmZS00ZDkzLWE3OGEtNzRhYTY0NTVkNGRkXkEyXkFqcGdeQXVyNDc2NjEyMw@@..jpg
3269,https://m.media-amazon.com/images/M/MV5BYjIzMzYyNzYtMzVjYi00Njg0LThmOTItOGFjMjAyM2IwM2RhXkEyXkFqcGdeQXVyNjMwMjk0MTQ@..jpg
3270,https://m.media-amazon.com/images/M/MV5BZTAzZDIyMzctMzNhZC00ZjI0LWJhMTMtODBiODNhOTA3ZDQ4XkEyXkFqcGdeQXVyNjMwMjk0MTQ@..jpg
3271,https://m.media-amazon.com/images/M/MV5BYTA4ZTUzODAtZTdmMi00MmMxLThlMDgtY2VhY2Y2MjUxNDEyXkEyXkFqcGdeQXVyMTY5Nzc4MDY@..jpg
3272,https://m.media-amazon.com/images/M/MV5BNjZmYzAzOGUtMWFlNy00OWExLThmYWQtMjJlYWIxMDczOGE4XkEyXkFqcGdeQXVyNTc1NTQxODI@..jpg
3273,https://m.media-amazon.com/images/M/MV5BMDljNmI1YzctNjJlZC00NzZlLWFlZTgtMDE4MjJiMDk0ZGY4XkEyXkFqcGdeQXVyMjg3MDQ0Mjk@..jpg
3274,https://m.media-amazon.com/images/M/MV5BYjNmMTNjYzEtNGIzOC00ZDc2LWFjN2UtZTNmZjgxZDJkNzBlXkEyXkFqcGdeQXVyNjQ2MjQ5NzM@..jpg
3275,https://m.media-amazon.com/images/M/MV5BYzVmMTdjOTYtOTJkYS00ZTg2LWExNTgtNzA1N2Y0MDgwYWFhXkEyXkFqcGdeQXVyMTQxNzMzNDI@..jpg
3276,https://m.media-amazon.com/images/M/MV5BYzQ5NzQ4MGQtMDY3NS00YjllLWI5NTEtYTE3Y2M2OGQ0ZGFhXkEyXkFqcGdeQXVyNTM3MDMyMDQ@..jpg
3280,https://m.media-amazon.com/images/M/MV5BMDVjNjBjODktMDVjYi00NmJhLWI3ZWYtMjRmMWRlYWZhMGJjXkEyXkFqcGdeQXVyMTQxNzMzNDI@..jpg
3281,https://m.media-amazon.com/images/M/MV5BZDgyNjQ0MzQtNDZlZS00MTY0LWJjYTYtMTI4MmFmMjkwNzg3XkEyXkFqcGdeQXVyNjMwMjk0MTQ@..jpg
3283,https://m.media-amazon.com/images/M/MV5BYjUxNTg5OWUtNDVlOS00M2EyLTlhZmMtNDAyOGQ1OGViZTEzXkEyXkFqcGdeQXVyMjA0MzYwMDY@..jpg
3284,https://m.media-amazon.com/images/M/MV5BYzRkZDhkNzEtNzczMi00Nzg2LWE5ZGYtYWJiMmY0MTk4NTYzXkEyXkFqcGdeQXVyMjI4MjA5MzA@..jpg
3285,https://m.media-amazon.com/images/M/MV5BNTljZTUzYWUtOTI4YS00NmZlLWE5MmQtZjFlZDZhNjg4MjQxXkEyXkFqcGdeQXVyNTc1NTQxODI@..jpg
3286,https://m.media-amazon.com/images/M/MV5BOTE3M2Y4YjQtNDQzMS00NWYzLTkyODUtNGFkZmY0MTk4NjE3L2ltYWdlL2ltYWdlXkEyXkFqcGdeQXVyMTQxNzMzNDI@..jpg
3287,https://m.media-amazon.com/images/M/MV5BMjgwMjljMmItZGNkZC00MTY0LTllZDctZWQzYjYyMzczMTI0XkEyXkFqcGdeQXVyOTg4MDk3MTQ@..jpg
3289,https://m.media-amazon.com/images/M/MV5BZWEzN2FlNDMtZjY3Yi00NmViLTk0NDItYjhhYjVmYTZmN2VkL2ltYWdlL2ltYWdlXkEyXkFqcGdeQXVyMTA1OTEwNjE@..jpg
3294,https://m.media-amazon.com/images/M/MV5BMTU2OTk4OTcyMF5BMl5BanBnXkFtZTgwODQ5MTkzMjE@..jpg
3295,https://m.media-amazon.com/images/M/MV5BNGE1YWZjMWUtMzYzMC00NjdkLWI3NDgtZjdiYTZkMDc0YTZmXkEyXkFqcGdeQXVyMTczNjQwOTY@..jpg
3296,https://m.media-amazon.com/images/M/MV5BMTE1NmU5NjctNGQ3Yy00MWYzLWEzOTUtZmE2N2NmOTEwODE4XkEyXkFqcGdeQXVyMzU4Nzk4MDI@..jpg
3298,https://m.media-amazon.com/images/M/MV5BYWQ2NDY3NjQtMTY3NS00M2VhLThlOTQtOGE4NzczY2RlYzg3XkEyXkFqcGdeQXVyNzkwMjQ5NzM@..jpg
3299,https://m.media-amazon.com/images/M/MV5BNzJjYjgwZjMtYThhZi00NzNlLWI0Y2YtZjkxYWNlYWI2ZDJkXkEyXkFqcGdeQXVyMTQxNzMzNDI@..jpg
3300,https://m.media-amazon.com/images/M/MV5BNTNmYzE1OWYtZDdjNC00OTdhLTg1YjUtYWJlZTVkMzkzNmVkXkEyXkFqcGdeQXVyMTQxNzMzNDI@..jpg
3301,https://m.media-amazon.com/images/M/MV5BMjA4Nzk4NzU4MF5BMl5BanBnXkFtZTYwNzU0MDc3..jpg
3302,https://m.media-amazon.com/images/M/MV5BMjA4MjQ3MTI5MV5BMl5BanBnXkFtZTYwMTc4Mjk5..jpg
3303,https://m.media-amazon.com/images/M/MV5BY2RkZDA3OTgtYzMxNy00YTYwLTkwMmEtMGE2MzcxZGQ1ZmQ2XkEyXkFqcGdeQXVyMjkxODI3MTY@..jpg
3306,https://m.media-amazon.com/images/M/MV5BM2QwYWQ0MWMtNzcwOC00N2Q2LWE1MDEtZmQxZjhiM2U1YzFhXkEyXkFqcGdeQXVyMTQxNzMzNDI@..jpg
3307,https://m.media-amazon.com/images/M/MV5BY2I4MmM1N2EtM2YzOS00OWUzLTkzYzctNDc5NDg2N2IyODJmXkEyXkFqcGdeQXVyNzkwMjQ5NzM@..jpg
3308,https://m.media-amazon.com/images/M/MV5BY2IyNDI0YjYtNGFiMi00YWIxLTkyMjgtNDdkMjY2YjM5YzBjXkEyXkFqcGdeQXVyMTQxNzMzNDI@..jpg
3310,https://m.media-amazon.com/images/M/MV5BZjhhMThhNDItNTY2MC00MmU1LTliNDEtNDdhZjdlNTY5ZDQ1XkEyXkFqcGdeQXVyNjc1NTYyMjg@..jpg
3313,https://m.media-amazon.com/images/M/MV5BNDE2ZmU5MDMtNTg5Ni00MGJjLWIzMjgtNmJjM2EyYjFiODFjXkEyXkFqcGdeQXVyNzc5MjA3OA@@..jpg
3315,https://m.media-amazon.com/images/M/MV5BMjEzOTUwMjQwMl5BMl5BanBnXkFtZTcwMDY5MDIyMQ@@..jpg
3316,https://m.media-amazon.com/images/M/MV5BZjNmNWIwZTAtMjM1MS00ODNiLTljYzMtNGI1ZmRkMmIxYzJiXkEyXkFqcGdeQXVyMTQxNzMzNDI@..jpg
3317,https://m.media-amazon.com/images/M/MV5BZGFlZDI5OGMtMmVhMS00NTQxLTgzZmEtZDJlMGVjNWViZThmXkEyXkFqcGdeQXVyMTAwMzUyOTc@..jpg
3323,https://m.media-amazon.com/images/M/MV5BZTVlYzhjMmMtZmZhNi00MzE3LWE0ZDEtNmRiOGQ4N2M4YmJlXkEyXkFqcGdeQXVyNTIzOTk5ODM@..jpg
3324,https://m.media-amazon.com/images/M/MV5BYWNhYWUxMzAtNmJmYS00Yjg5LWIyYWUtY2IxMDRjZmZhOTZjXkEyXkFqcGdeQXVyMTQxNzMzNDI@..jpg
3325,https://m.media-amazon.com/images/M/MV5BY2VhNzI1ZTYtZGEyYy00Y2QzLTliYzYtMGM0ZTc1OGUzYTRkXkEyXkFqcGdeQXVyMTMxMTY0OTQ@..jpg
3326,https://m.media-amazon.com/images/M/MV5BMTM4ODgzNDU2OF5BMl5BanBnXkFtZTYwMjI1Njc2..jpg
3327,https://m.media-amazon.com/images/M/MV5BMTQ5NDUzODkyOF5BMl5BanBnXkFtZTcwNjY3OTIyMQ@@..jpg
3328,https://m.media-amazon.com/images/M/MV5BZWQxZTJmN2YtMjdmMS00ZTFmLTk5ZDYtODA4ZDA1YWQ2MjMyL2ltYWdlL2ltYWdlXkEyXkFqcGdeQXVyNjU0OTQ0OTY@..jpg
3329,https://m.media-amazon.com/images/M/MV5BZTA1MzliNGMtNmQ2OC00NzlhLWI2ZTItYzBmNWMzNGZmMjgxXkEyXkFqcGdeQXVyNzc5MjA3OA@@..jpg
3330,https://m.media-amazon.com/images/M/MV5BM2Y4YzczMjItMjU0NC00N2ZjLWFmZTEtNTk0YmRkNzY2MTJkL2ltYWdlL2ltYWdlXkEyXkFqcGdeQXVyNjc1NTYyMjg@..jpg
3331,https://m.media-amazon.com/images/M/MV5BZDIzODA4NDctZDBmYi00NDcxLTg5ZWItYWVmNTI0ZDdkZWI4L2ltYWdlXkEyXkFqcGdeQXVyNzc5MjA3OA@@..jpg
3334,https://m.media-amazon.com/images/M/MV5BODI3YzNiZTUtYjEyZS00ODkwLWE2ZDUtNGJmMTNiYTc4ZTM4XkEyXkFqcGdeQXVyMDI2NDg0NQ@@..jpg
3338,https://m.media-amazon.com/images/M/MV5BNGM0YWJhNDgtZjk4OC00YTEzLThmZjUtODllMTFmNjQ4YWVlXkEyXkFqcGdeQXVyNjQ2MjQ5NzM@..jpg
3341,https://m.media-amazon.com/images/M/MV5BODBhOTdkMGYtMzRkYS00ZGU2LThlMjItMzRiNjAxMzNjMWRjXkEyXkFqcGdeQXVyMDI2NDg0NQ@@..jpg
3342,https://m.media-amazon.com/images/M/MV5BNTVmZmQ3NzgtNDhlNi00NDY2LWFhN2YtMDRhOGY0M2U3ZTc4XkEyXkFqcGdeQXVyNjMwMjk0MTQ@..jpg
3344,https://m.media-amazon.com/images/M/MV5BM2Y4NDFkNzctNmI4Ny00MDVlLTgzOTctMWM1ZGZiYjcwNjIwXkEyXkFqcGdeQXVyMTQxNzMzNDI@..jpg
3345,https://m.media-amazon.com/images/M/MV5BNGE1N2NmMzMtYzYzOC00ZDg5LTg0NzYtMWIzMTZhNWEyYTAzXkEyXkFqcGdeQXVyMTQ3Njg3MQ@@..jpg
3347,https://m.media-amazon.com/images/M/MV5BYmMyMDI1NzctZGUzZi00MDg5LWJkMmItYWM1MzM3M2M0Njk3XkEyXkFqcGdeQXVyNzc5MjA3OA@@..jpg
3350,https://m.media-amazon.com/images/M/MV5BODczMGVjMTctNjNjMC00ZmY3LTg4MDMtMmM1YjZmZjgwYWZhXkEyXkFqcGdeQXVyNDY2MTk1ODk@..jpg
3353,https://m.media-amazon.com/images/M/MV5BMTI0NzU4ODAyOV5BMl5BanBnXkFtZTcwMjI3NzEzMQ@@..jpg
3354,https://m.media-amazon.com/images/M/MV5BMzhiNjVhZjUtMWYwMy00M2U5LWE5NWEtNGU4N2E5NTI3MzFlL2ltYWdlL2ltYWdlXkEyXkFqcGdeQXVyMTQxNzMzNDI@..jpg
3355,https://m.media-amazon.com/images/M/MV5BM2Q1ZTFhMmYtNDljMS00Y2ZhLWE3M2QtMjYwYmFkYmJmMjI1XkEyXkFqcGdeQXVyNjU0NTI0Nw@@..jpg
3357,https://m.media-amazon.com/images/M/MV5BZjg5NTlmYjMtMzEwYy00OTdiLTg1MjEtNzdjODE4M2E4YTgwXkEyXkFqcGdeQXVyMDE3OTQ0Mw@@..jpg
3358,https://m.media-amazon.com/images/M/MV5BNTE4M2NmOTgtMjVhOS00MTY3LWFmMjAtMWRhYmI1YzE3NWY0XkEyXkFqcGdeQXVyNzc5MjA3OA@@..jpg
3359,https://m.media-amazon.com/images/M/MV5BOGQyNDhiOTAtZGVmOC00MTNkLWE1YzItZGE0NjUzOTcyZTliXkEyXkFqcGdeQXVyMTY5Nzc4MDY@..jpg
3360,https://m.media-amazon.com/images/M/MV5BMTYyNTc0OTUwNV5BMl5BanBnXkFtZTcwODA3NzE0NA@@..jpg
3361,https://m.media-amazon.com/images/M/MV5BMzMxMDEzMWUtZDk3NS00MWRiLWJjOGMtN2Q0ZjVhZjU3ODhkXkEyXkFqcGdeQXVyMTQxNzMzNDI@..jpg
3362,https://m.media-amazon.com/images/M/MV5BODExZmE2ZWItYTIzOC00MzI1LTgyNTktMDBhNmFhY2Y4OTQ3XkEyXkFqcGdeQXVyNjU0OTQ0OTY@..jpg
3363,https://m.media-amazon.com/images/M/MV5BMjI5NjM5MjIyNF5BMl5BanBnXkFtZTgwNjg2MTUxMDE@..jpg
3364,https://m.media-amazon.com/images/M/MV5BNWYxNWZjZmEtOTk1Ny00ZWE0LWI1YjAtZmQ0ZjM4OGUwNmJjXkEyXkFqcGdeQXVyMDI2NDg0NQ@@..jpg
3365,https://m.media-amazon.com/images/M/MV5BYWQ3YWJiMDEtMDBhNS00YjY1LTkzNmEtY2U4Njg4MjQ3YWE3XkEyXkFqcGdeQXVyNzkwMjQ5NzM@..jpg
3368,https://m.media-amazon.com/images/M/MV5BNDAwMTViNWEtNmQ0ZC00NGJmLWJjYWMtMGYxMTYxY2Y0Y2MzXkEyXkFqcGdeQXVyMTMxMTY0OTQ@..jpg
3370,https://m.media-amazon.com/images/M/MV5BYzFjZjllY2UtNWU5Mi00ZWExLTlkOTItYmJjYjhhMTg2OGY2XkEyXkFqcGdeQXVyNjMwMjk0MTQ@..jpg
3372,https://m.media-amazon.com/images/M/MV5BNjNkMzkxM2QtMTkwNy00NGI3LTgxYWMtMmNmZjc5OTI3OWY4XkEyXkFqcGdeQXVyMjI4MjA5MzA@..jpg
3374,https://m.media-amazon.com/images/M/MV5BMjA4MDMxNzQ2NV5BMl5BanBnXkFtZTgwOTQwMTkwMDI@..jpg
3378,https://m.media-amazon.com/images/M/MV5BMTc4MTYyMzIzNl5BMl5BanBnXkFtZTcwNzg2OTQxMQ@@..jpg
3379,https://m.media-amazon.com/images/M/MV5BMTMyNTIzMDEyMV5BMl5BanBnXkFtZTcwODQwOTc2NA@@..jpg
3384,https://m.media-amazon.com/images/M/MV5BMjE1NDY0NDk3Ml5BMl5BanBnXkFtZTcwMTAzMTM3NA@@..jpg
3385,https://m.media-amazon.com/images/M/MV5BNmM4ZTRjNDItMDc4Mi00ZjVhLWFhMGYtYTBmNzlkMWQxOTkxL2ltYWdlXkEyXkFqcGdeQXVyMTQxNzMzNDI@..jpg
3386,https://m.media-amazon.com/images/M/MV5BYjYyODExMDctZjgwYy00ZjQwLWI4OWYtOGFlYjA4ZjEzNmY1XkEyXkFqcGdeQXVyNTAyODkwOQ@@..jpg
3387,https://m.media-amazon.com/images/M/MV5BMTM1M2Y0YzctMGUxMy00NzVkLTk4MjYtNmMxMjZhNzY3MTQ1XkEyXkFqcGdeQXVyNDk3NzU2MTQ@..jpg
3388,https://m.media-amazon.com/images/M/MV5BYzA3ZTM0MzMtYWVlZS00ZmYxLTg1NjUtMTk2MTVlMDNiN2JhXkEyXkFqcGdeQXVyMjY3MjUzNDk@..jpg
3389,https://m.media-amazon.com/images/M/MV5BYzRkNDVjMmMtOGM0Ni00NzlmLTkyYzMtYTk2NmViMWIwNTBkXkEyXkFqcGdeQXVyMjUyNDk2ODc@..jpg
3390,https://m.media-amazon.com/images/M/MV5BMTMxNzAwMDQ5OV5BMl5BanBnXkFtZTcwMjUxMTE3NA@@..jpg
3391,https://m.media-amazon.com/images/M/MV5BN2EwMDJiNjEtNWIzZS00MDRlLTkwNTItNDllMDg1NDBiNjQ0XkEyXkFqcGdeQXVyMTA0MjU0Ng@@..jpg
3392,https://m.media-amazon.com/images/M/MV5BNmQ1MTc5YWMtZjEzMi00NTQzLTljNmMtYzcxNDQ4ZWFiNzFjXkEyXkFqcGdeQXVyMTA0MjU0Ng@@..jpg
3393,https://m.media-amazon.com/images/M/MV5BYjBiOGQ4NDMtYjUyYy00YmZkLTg2ZjUtZmVjNjljZjQxMjJkXkEyXkFqcGdeQXVyMTQxNzMzNDI@..jpg
3394,https://m.media-amazon.com/images/M/MV5BMGU1OTVhNTQtOTRmNy00OTUyLThmODQtY2Q0MjM3ZDg2YTQ5XkEyXkFqcGdeQXVyMTQxNzMzNDI@..jpg
3395,https://m.media-amazon.com/images/M/MV5BMTM3NDU2ZWQtODViNS00N2U1LWI0ZTctNDY2ZmIxOGVhODlhXkEyXkFqcGdeQXVyMTA0MjU0Ng@@..jpg
3396,https://m.media-amazon.com/images/M/MV5BMGQ0OGM5YjItYzYyMi00NmVmLWI3ODMtMTY2NGRkZmI5MWU2XkEyXkFqcGdeQXVyMzI0NDc4ODY@..jpg
3397,https://m.media-amazon.com/images/M/MV5BYzViOWEwOTgtOTIyMS00ZDNkLWIzZDAtMWFjYzUwM2I0YjNkXkEyXkFqcGdeQXVyMzI0NDc4ODY@..jpg
3398,https://m.media-amazon.com/images/M/MV5BNmFiYTU2YjEtNjcxNy00MzViLTljMGEtNWI4OTU0ZTRhZTM1L2ltYWdlL2ltYWdlXkEyXkFqcGdeQXVyNDIwODAwNzg@..jpg
3400,https://m.media-amazon.com/images/M/MV5BMzI2MjYzOTEtN2E1NC00MzRlLWJkNTctYmUyYzUzMDY0ODgzXkEyXkFqcGdeQXVyNDIwODAwNzg@..jpg
3401,https://m.media-amazon.com/images/M/MV5BNjM4Y2RjYzEtZGQ4NS00OTZmLTg3ZDYtYjA2NWNmZGEzNjg3XkEyXkFqcGdeQXVyNzc5MjA3OA@@..jpg
3402,https://m.media-amazon.com/images/M/MV5BZTk4NjA3NWMtNzU5YS00NGRmLWE3OGEtYjdlNTE0NDJlY2Q3XkEyXkFqcGdeQXVyNjMwMjk0MTQ@..jpg
3403,https://m.media-amazon.com/images/M/MV5BNTQyZGI0NDgtYTM0ZC00NTdkLTk2OTItYTgwYmYwNjZlNDRlXkEyXkFqcGdeQXVyMTY5Nzc4MDY@..jpg
3404,https://m.media-amazon.com/images/M/MV5BMTU3NTUyMTc3Nl5BMl5BanBnXkFtZTgwOTA2MDE3MTE@..jpg
3405,https://m.media-amazon.com/images/M/MV5BOWRiZDljY2YtOWJiNy00OTUyLTgzMmMtMzBlYTI0YTYwYTkzL2ltYWdlXkEyXkFqcGdeQXVyNjQzNDI3NzY@..jpg
3406,https://m.media-amazon.com/images/M/MV5BNTQ1ODVlOTMtNGNjMi00N2I3LWE1NmItZGIyMWJlODlkMjJiXkEyXkFqcGdeQXVyNjE5MjUyOTM@..jpg
3408,https://m.media-amazon.com/images/M/MV5BYTA1NWRkNTktNDMxNS00NjE4LWEzMDAtNzA3YzlhYzRhNDA4L2ltYWdlXkEyXkFqcGdeQXVyMTQxNzMzNDI@..jpg
3409,https://m.media-amazon.com/images/M/MV5BZTI0NGM2OGYtNzVmMi00NGQ2LTk2MDAtN2RmYjIzMGRkZGYxXkEyXkFqcGdeQXVyNTAyODkwOQ@@..jpg
3410,https://m.media-amazon.com/images/M/MV5BMTU3MTA1NzIxOV5BMl5BanBnXkFtZTcwMTc5OTEyMQ@@..jpg
3412,https://m.media-amazon.com/images/M/MV5BMjY0MDU1MDUtN2E4Ni00MzJhLWI4OWUtMzExNmIzZjJjOGM0XkEyXkFqcGdeQXVyMjUyNDk2ODc@..jpg
3414,https://m.media-amazon.com/images/M/MV5BMzVjZTBlZDktZGIwOS00MDZjLTlkOTYtZjA2Y2NjNmY5ZGJkXkEyXkFqcGdeQXVyMTAwMzUyOTc@..jpg
3415,https://m.media-amazon.com/images/M/MV5BMTg1MDg3OTk3M15BMl5BanBnXkFtZTgwMDEzMzE5MTE@..jpg
3417,https://m.media-amazon.com/images/M/MV5BYTVjMDM2NGMtYjE0Ny00MTQ5LTg4MmUtNDU0ZGY3NGQ0OTA3XkEyXkFqcGdeQXVyMDI2NDg0NQ@@..jpg
3418,https://m.media-amazon.com/images/M/MV5BMjIxNDgzMDE2MF5BMl5BanBnXkFtZTcwNzY5NTk1NA@@..jpg
3420,https://m.media-amazon.com/images/M/MV5BMDk1MTljZjAtZDY5MC00YTAwLTk5MzEtZTMyMjI4YzRmZjcxXkEyXkFqcGdeQXVyNjUwNzk3NDc@..jpg
3421,https://m.media-amazon.com/images/M/MV5BM2M2ZDA4MTYtOGRjMi00OTg5LWI1ZTUtMjQxZTc2NWZjNDFkXkEyXkFqcGdeQXVyNDk3NzU2MTQ@..jpg
3422,https://m.media-amazon.com/images/M/MV5BNGM3NzcwZjQtY2E5ZC00ODU0LTg1ODQtZDNlMGNiZTRlNWZkXkEyXkFqcGdeQXVyMTQxNzMzNDI@..jpg
3423,https://m.media-amazon.com/images/M/MV5BODQzYzI5OTctMTAzMi00YWQ3LTliNWEtMmY2NjkzYTdiNGIxXkEyXkFqcGdeQXVyMTQxNzMzNDI@..jpg
3424,https://m.media-amazon.com/images/M/MV5BODA2MjU1NTI1MV5BMl5BanBnXkFtZTgwOTU4ODIwMjE@..jpg
3425,https://m.media-amazon.com/images/M/MV5BYmMwY2ZhZjctZTg1Ny00NjNjLThkOTQtZGY2NzA1ODBjMzA3XkEyXkFqcGdeQXVyMTQxNzMzNDI@..jpg
3426,https://m.media-amazon.com/images/M/MV5BMjM5MTQxMDk2Ml5BMl5BanBnXkFtZTgwODQ2MDc3NjE@..jpg
3428,https://m.media-amazon.com/images/M/MV5BZDdmMGNiOGQtOWQzNC00ZDZjLWIxM2ItZTBlNGEwMzM1MGVjXkEyXkFqcGdeQXVyNjc1NTYyMjg@..jpg
3429,https://m.media-amazon.com/images/M/MV5BMTQyMjk1MzI0NF5BMl5BanBnXkFtZTgwMjc2NDkwMzE@..jpg
3430,https://m.media-amazon.com/images/M/MV5BYWQ2ZjUxNWYtZDU5Ni00Y2MwLTg1YjktMjBhMmEyYjQ1MjUxL2ltYWdlXkEyXkFqcGdeQXVyMTQxNzMzNDI@..jpg
3431,https://m.media-amazon.com/images/M/MV5BZTU1MzU3ZTktMTEwZC00MGU3LWE1YTktY2RlMTcxYzFiYjFkL2ltYWdlXkEyXkFqcGdeQXVyMTQxNzMzNDI@..jpg
3432,https://m.media-amazon.com/images/M/MV5BNGE5MmNlMDktMmVmNC00M2VlLWJkNjItYzJjMzM4MDY5ODY4XkEyXkFqcGdeQXVyNjc1NTYyMjg@..jpg
3433,https://m.media-amazon.com/images/M/MV5BNTNiZDhiMmQtZGRiOC00Yzg0LTkyMzUtZDBhOGQzMTIyYzQ3L2ltYWdlXkEyXkFqcGdeQXVyMTQxNzMzNDI@..jpg
3434,https://m.media-amazon.com/images/M/MV5BZTViYzMxMGItYzJlNC00MTc3LWI0MTAtNGM5NTJlMjUzODQ2L2ltYWdlXkEyXkFqcGdeQXVyMTQxNzMzNDI@..jpg
3435,https://m.media-amazon.com/images/M/MV5BOTdlNjgyZGUtOTczYi00MDdhLTljZmMtYTEwZmRiOWFkYjRhXkEyXkFqcGdeQXVyNDY2MTk1ODk@..jpg
3436,https://m.media-amazon.com/images/M/MV5BMGJiYjYxZjYtY2FmMi00ODUyLTlkMTktZmM2ZDBjODc5MTVkXkEyXkFqcGdeQXVyMTQxNzMzNDI@..jpg
3438,https://m.media-amazon.com/images/M/MV5BNzg3NTQ4NDk5NV5BMl5BanBnXkFtZTgwNzMzNDg4NjE@..jpg
3439,https://m.media-amazon.com/images/M/MV5BODdkMTk5ODMtYjhkMS00MGNlLThkMmItYjRjMTc2ZWY1OWIxXkEyXkFqcGdeQXVyNTAyODkwOQ@@..jpg
3440,https://m.media-amazon.com/images/M/MV5BYTA1MDliMWUtYzIzZC00Yjc2LWE1MTYtNWI1YzE5NzIxMzFmXkEyXkFqcGdeQXVyNTUyMzE4Mzg@..jpg
3441,https://m.media-amazon.com/images/M/MV5BNzgzNjcwMjI3MF5BMl5BanBnXkFtZTcwNDAxNTQyNA@@..jpg
3442,https://m.media-amazon.com/images/M/MV5BYjQxNzFhM2ItZjllYi00ZDhiLWFmOWQtMTRjNmQxOWUzN2JjL2ltYWdlL2ltYWdlXkEyXkFqcGdeQXVyNDkzNTM2ODg@..jpg
3444,https://m.media-amazon.com/images/M/MV5BNTJmMGEzMTQtMzQzMi00YjE1LWI4MTctNjY0NWZiYzE2MDVhXkEyXkFqcGdeQXVyMTQxNzMzNDI@..jpg
3445,https://m.media-amazon.com/images/M/MV5BMDFhMzQ2ZmYtMWM3NC00ZWQ2LTkwOTAtZjcyYTBjZThkYmJmXkEyXkFqcGdeQXVyMjI4MjA5MzA@..jpg
3446,https://m.media-amazon.com/images/M/MV5BODdjMTdhYWItMGFjZS00NzhkLWIwM2EtMGM3Zjk1ZGZlOTNlXkEyXkFqcGdeQXVyMTMxMTY0OTQ@..jpg
3447,https://m.media-amazon.com/images/M/MV5BNTM4NTczZWEtMTRhNi00YmRmLWE5ZDMtNjE2NGM0NDAwMjc2XkEyXkFqcGdeQXVyNjE5MjUyOTM@..jpg
3448,https://m.media-amazon.com/images/M/MV5BOWRhZGQ5ODQtMzUzNi00M2I4LThmZmUtYmQ0NDQzMTkxMWQ0XkEyXkFqcGdeQXVyMzI0NDc4ODY@..jpg
3449,https://m.media-amazon.com/images/M/MV5BMTdhMDliZTgtZjY5MS00ZTQwLTllNGUtNmNmMGJmZDkxNmY1XkEyXkFqcGdeQXVyNzc5MjA3OA@@..jpg
3450,https://m.media-amazon.com/images/M/MV5BMzNiYzQyNGEtYjFiOS00OTcyLTg5YzItMDQ2ZGRmZjE1N2Y4XkEyXkFqcGdeQXVyMTQxNzMzNDI@..jpg
3451,https://m.media-amazon.com/images/M/MV5BZTVmMTk2NjUtNjVjNC00OTcwLWE4OWEtNzA4Mjk1ZmIwNDExXkEyXkFqcGdeQXVyNjUwNzk3NDc@..jpg
3452,https://m.media-amazon.com/images/M/MV5BMTI5Nzg1MjA5M15BMl5BanBnXkFtZTYwNzAxNzg2..jpg
3453,https://m.media-amazon.com/images/M/MV5BYmViZTk5YzUtMjQzZi00MGZkLWE1N2UtMzY3MDJmNjBiM2U1XkEyXkFqcGdeQXVyMTMxMTY0OTQ@..jpg
3454,https://m.media-amazon.com/images/M/MV5BY2RhZWQyOTMtZjU1OC00YmYxLTg3MjUtNTU1ZDcyOTQ4ZDEwXkEyXkFqcGdeQXVyNjU0NTI0Nw@@..jpg
3455,https://m.media-amazon.com/images/M/MV5BOTA1MzcwZDMtMmYzNC00NzQ1LWJhMDMtYzViYjU0YjA0NDM5XkEyXkFqcGdeQXVyNzA4ODc3ODU@..jpg
3456,https://m.media-amazon.com/images/M/MV5BMTgyMTcwOTc0Nl5BMl5BanBnXkFtZTcwNjAyNTEzMQ@@..jpg
3459,https://m.media-amazon.com/images/M/MV5BOGZlN2UwYmUtMmRmMy00NzY5LTgyYjItNTk5NjQwZWM3MzJkXkEyXkFqcGdeQXVyMTQxNzMzNDI@..jpg
3461,https://m.media-amazon.com/images/M/MV5BM2FjM2VlYzgtYzI1OS00MTM2LWJmNjQtNTZkNTJjNzQzYzk5XkEyXkFqcGdeQXVyMzU4Nzk4MDI@..jpg
3462,https://m.media-amazon.com/images/M/MV5BYjJiZjMzYzktNjU0NS00OTkxLWEwYzItYzdhYWJjN2QzMTRlL2ltYWdlL2ltYWdlXkEyXkFqcGdeQXVyNjU0OTQ0OTY@..jpg
3466,https://m.media-amazon.com/images/M/MV5BZDAxMWY4N2ItOWI5ZS00Zjg5LWE0YWYtZDhjNDc1YjYxNjgxXkEyXkFqcGdeQXVyNzc5MjA3OA@@..jpg
3467,https://m.media-amazon.com/images/M/MV5BYjA3MzFlZDQtNTY3Ny00OTM1LWI1ODctNmE4ZWM5ZTU2MjA5XkEyXkFqcGdeQXVyNjc1NTYyMjg@..jpg
3468,https://m.media-amazon.com/images/M/MV5BNjhjODI2NTItMGE1ZS00NThiLWE1MmYtOWE3YzcyNzY1MTJlXkEyXkFqcGdeQXVyNTc1NTQxODI@..jpg
3469,https://m.media-amazon.com/images/M/MV5BMGQ5ODNkNWYtYTgxZS00YjJkLThhODAtYzUwNGNiYjRmNjdkXkEyXkFqcGdeQXVyMTg2NTc4MzA@..jpg
3470,https://m.media-amazon.com/images/M/MV5BYWY0OWJlZTgtMWUzNy00MGJhLTk5YzQtNmY5MDEwOTIxNjMyXkEyXkFqcGdeQXVyNjc1NTYyMjg@..jpg
3471,https://m.media-amazon.com/images/M/MV5BMjM1NjE5NjQxN15BMl5BanBnXkFtZTgwMjYzMzQxMDE@..jpg
3473,https://m.media-amazon.com/images/M/MV5BY2Q4MTRkZWMtNWE2My00NmQzLWEzOGQtMTg5NDFmOWM4YjBiL2ltYWdlXkEyXkFqcGdeQXVyNzM0MDQ1Mw@@..jpg
3474,https://m.media-amazon.com/images/M/MV5BMTkxODIwNDA3Nl5BMl5BanBnXkFtZTcwNDEyNzUyMQ@@..jpg
3475,https://m.media-amazon.com/images/M/MV5BMmNjMjE2ZDMtODQzYS00ZDc2LTk0ODgtNjI1NTNhZWI5MmE0XkEyXkFqcGdeQXVyNjUwNzk3NDc@..jpg
3476,https://m.media-amazon.com/images/M/MV5BYzQyZGQyZDEtZjI5Zi00NmI5LWI5NTctNDA4NjI5YWNjYjdjXkEyXkFqcGdeQXVyMjAxMjEzNzU@..jpg
3477,https://m.media-amazon.com/images/M/MV5BMjExMmQ1NmItOWEyOC00NzZjLWE0NWItNmE1NmNkY2NmODk5XkEyXkFqcGdeQXVyNDk3NzU2MTQ@..jpg
3478,https://m.media-amazon.com/images/M/MV5BOWI0YjE4M2ItNzY2NC00MzA1LWFhZTktY2YxZjE0ODU0ZTc5XkEyXkFqcGdeQXVyMzU4Nzk4MDI@..jpg
3479,https://m.media-amazon.com/images/M/MV5BZjhkMmFmMGMtZTIwMy00NGE0LThkZWQtOWNjMDQ1NTY4MmNjXkEyXkFqcGdeQXVyMTY2MzYyNzA@..jpg
3480,https://m.media-amazon.com/images/M/MV5BYjc3MjQ5ZjQtOWE4NC00MjdhLWFhNjctOWJmNDg5NzAyODZiXkEyXkFqcGdeQXVyNTI4MjkwNjA@..jpg
3481,https://m.media-amazon.com/images/M/MV5BMTgxMTI1ODYyOV5BMl5BanBnXkFtZTYwNjQyOTI3..jpg
3483,https://m.media-amazon.com/images/M/MV5BOTEzNWIwMzctOTE1YS00YjIyLTgwZGEtMTMxZDAzNzlmODMxXkEyXkFqcGdeQXVyMjgyMDk1MzY@..jpg
3484,https://m.media-amazon.com/images/M/MV5BODA2OTQ0NzctZTYwNi00N2E2LWJhN2UtOTc4N2UzYWRiOWVjL2ltYWdlXkEyXkFqcGdeQXVyMTQxNzMzNDI@..jpg
3489,https://m.media-amazon.com/images/M/MV5BNmJjNTQzMjctMmE2NS00ZmYxLWE1NjYtYmRmNjNiMzljOTc3XkEyXkFqcGdeQXVyNTAyODkwOQ@@..jpg
3492,https://m.media-amazon.com/images/M/MV5BNzY0MWQwNjQtMzg1YS00ZWQzLTlhMWMtNTU2ZTUxZDZlNTRlXkEyXkFqcGdeQXVyNjc0MzMzNjA@..jpg
3494,https://m.media-amazon.com/images/M/MV5BMjEwNzRlMzUtODIwMS00N2IwLWE1ZTgtODYzNWY0MGJhODY3XkEyXkFqcGdeQXVyMjI4MjA5MzA@..jpg
3496,https://m.media-amazon.com/images/M/MV5BMTUwOWIwODktZDc0OS00NDZhLThkNjAtZjE4NjgyM2IzNTlkXkEyXkFqcGdeQXVyMjA0MzYwMDY@..jpg
3497,https://m.media-amazon.com/images/M/MV5BOGM3MWVlNTktMjU4Mi00NTJlLTk1NTItMmQxYWY2Zjg1MGNiXkEyXkFqcGdeQXVyNzc5MjA3OA@@..jpg
3498,https://m.media-amazon.com/images/M/MV5BNDU1MjQ0YWMtMWQ2MS00NTdmLTg1MGItNDA5NTNkNTRhOTIyXkEyXkFqcGdeQXVyNTIzOTk5ODM@..jpg
3499,https://m.media-amazon.com/images/M/MV5BNzY0ODQ3MTMxN15BMl5BanBnXkFtZTgwMDkwNTg4NjE@..jpg
3500,https://m.media-amazon.com/images/M/MV5BYTUyZWRhZmItNWMzYi00NzE0LTk2Y2UtNjMyOGM3ZmJkMWU1XkEyXkFqcGdeQXVyMTQxNzMzNDI@..jpg
3501,https://m.media-amazon.com/images/M/MV5BM2E1OTkyN2QtMjI4NS00MGRmLTkxZmMtNjgyY2NhNTkzMjEwXkEyXkFqcGdeQXVyNzc5MjA3OA@@..jpg
3502,https://m.media-amazon.com/images/M/MV5BMWQ2NDU4MDAtNGNiNS00ZTc1LWIwYjItOWFjMjVjZjVjYWVjXkEyXkFqcGdeQXVyNDc2NjEyMw@@..jpg
3503,https://m.media-amazon.com/images/M/MV5BZmY4Yjc0OWQtZDRhMy00ODc2LWI2NGYtMWFlODYyN2VlNDQyXkEyXkFqcGdeQXVyNjU0OTQ0OTY@..jpg
3504,https://m.media-amazon.com/images/M/MV5BZGNjYjM2MzItZGQzZi00NmY3LTgxOGUtMTQ2MWQxNWQ2MmMwXkEyXkFqcGdeQXVyNzM0MTUwNTY@..jpg
3505,https://m.media-amazon.com/images/M/MV5BMzliYmFjZmYtMTQ4OS00MmM1LWI2NDItYWNkMTBhZWY2M2QwL2ltYWdlXkEyXkFqcGdeQXVyNjU0OTQ0OTY@..jpg
3506,https://m.media-amazon.com/images/M/MV5BN2FhNGUwMGItMzFiZC00MmMwLTgyNDEtZjNhNDdkMDA4MzhlXkEyXkFqcGdeQXVyMTMxMTY0OTQ@..jpg
3507,https://m.media-amazon.com/images/M/MV5BZDVhNzQxZDEtMzcyZC00ZDg1LWFkZDctOWYxZTY0ZmYzYjc2XkEyXkFqcGdeQXVyMjA0MDQ0Mjc@..jpg
3508,https://m.media-amazon.com/images/M/MV5BMjIxNDYxMTk2MF5BMl5BanBnXkFtZTgwMjQxNjU3MTE@..jpg
3510,https://m.media-amazon.com/images/M/MV5BMTI4NTgyOTIxN15BMl5BanBnXkFtZTYwMTUwODY3..jpg
3511,https://m.media-amazon.com/images/M/MV5BMTYwMjYyOTA4OV5BMl5BanBnXkFtZTYwMDAyNjE3..jpg
3512,https://m.media-amazon.com/images/M/MV5BMjIwNDEzODU3Nl5BMl5BanBnXkFtZTcwMjI0NzU2NA@@..jpg
3513,https://m.media-amazon.com/images/M/MV5BZjZmNWI1MTgtZjVjNi00M2FjLWI4YjUtNzkwNmYyMzM4NjMwXkEyXkFqcGdeQXVyNDk3NzU2MTQ@..jpg
3514,https://m.media-amazon.com/images/M/MV5BMTY2OTk4MTQ1NV5BMl5BanBnXkFtZTcwNDYzNDQzMQ@@..jpg
3515,https://m.media-amazon.com/images/M/MV5BMTY4NzY4ODgwNl5BMl5BanBnXkFtZTYwMzI0NDg4..jpg
3516,https://m.media-amazon.com/images/M/MV5BMDQ3ODM1YzYtYTZiMy00YWQxLWE2MzAtYWVlM2Q5OWRhYmExXkEyXkFqcGdeQXVyMTMxMTY0OTQ@..jpg
3519,https://m.media-amazon.com/images/M/MV5BYTNjZGYyYzktMDYyOC00NDMwLTg3MGItNjU2MGQwN2I5MjlhXkEyXkFqcGdeQXVyNjUwNzk3NDc@..jpg